"table","dataset","n_items","n_participants","n_categories","n_responses","density","longitudinal","construct_type","ct_primary","affect_cog","item_format","measurement_tool","construct_name","doi","license","catband","stratum","eff_N","N_short"
"aa1_silvia_2023","item_response_warehouse",14,1071,5,14994,1,FALSE,"Cognitive/educational","Cognitive/educational","cognitive","Likert Scale/selected response","Survey/questionnaire","Aesthetic Responsiveness Assessment","10.1037/aca0000348","CC BY 4.0","4-5","cognitive | 4-5",1071,TRUE
"ada_boredom_bieleke2022","item_response_warehouse",10,636,7,6360,1,FALSE,"Behavioral","Behavioral","other","Likert Scale/selected response","Survey/questionnaire","Dealing with Boredom Scale","10.1098/rsos.211998","CC BY 4.0","6-7","other | 6-7",636,TRUE
"algner2022_mimi16","item_response_warehouse_3",16,612,6,9792,1,FALSE,NA,"[untagged]","untagged",NA,NA,NA,"10.3389/fpsyg.2022.809862","CC BY 4.0","6-7","untagged | 6-7",612,TRUE
"alsecypiamh_wu_2022_empathy","item_response_warehouse",7,7842,5,54894,1,FALSE,"Affective/mental health, Opinion/attitude","Affective/mental health","affective/opinion","Likert Scale/selected response","Survey/questionnaire","Perce Empathy Scale","10.17605/osf.io/jqzbx","CC BY 4.0","4-5","affective/opinion | 4-5",2000,FALSE
"alsecypiamh_wu_2022_swemwbs","item_response_warehouse",7,7842,5,54894,1,FALSE,"Affective/mental health","Affective/mental health","affective/opinion","Likert Scale/selected response","Survey/questionnaire","Short Warwick-Edinburgh Mental Wellbeing Scale","10.17605/osf.io/jqzbx","CC BY 4.0","4-5","affective/opinion | 4-5",2000,FALSE
"alsuhibani_2022_loc","item_response_warehouse_3",24,2570,6,61680,1,FALSE,"Personality","Personality","affective/opinion","Likert Scale/selected response","Survey/questionnaire","Multidimensional Locus of Control Scale (MLCS)","10.1371/journal.pone.0259053","CC BY 4.0","6-7","affective/opinion | 6-7",2000,FALSE
"alsuhibani_2022_pads_s1","item_response_warehouse_3",10,449,5,4490,1,FALSE,"Affective/mental health","Affective/mental health","affective/opinion","Likert Scale/selected response","Survey/questionnaire","Revised Paranoia and Deservedness Scale (PaDS-R)","10.1371/journal.pone.0259053","CC BY 4.0","4-5","affective/opinion | 4-5",449,TRUE
"alsyouf_2024_facilitating_conditions","item_response_warehouse_3",6,472,5,2832,1,FALSE,"Opinion/attitude","Opinion/attitude","affective/opinion","Likert Scale/selected response","Survey/questionnaire","Facilitating conditions (UTAUT)","10.1371/journal.pone.0300657","CC BY 4.0","4-5","affective/opinion | 4-5",472,TRUE
"assessment_time_fournier_2025_pmpuq","item_response_warehouse_2",15,398,4,5970,1,FALSE,"Behavioral, Cognitive/educational","Behavioral","other","Likert Scale/selected response","Survey/questionnaire","Assessment Time - Problematic Mobile Use","10.17605/osf.io/6v5qb","CC BY 4.0","4-5","other | 4-5",398,TRUE
"assessment_time_fournier_2025_upps","item_response_warehouse_2",20,398,4,7960,1,FALSE,"Behavioral, Cognitive/educational","Behavioral","other","Likert Scale/selected response","Survey/questionnaire","Assessment Time - Impulsive Behavio","10.17605/osf.io/6v5qb","CC BY 4.0","4-5","other | 4-5",398,TRUE
"autism_blotner_2025_s2_aq","item_response_warehouse_2",10,535,4,5350,1,TRUE,"Cognitive/educational","Cognitive/educational","cognitive","Likert Scale/selected response","Survey/questionnaire","Autism Quotient","10.1027/1614-0001/a000440","CC BY 4.0","4-5","cognitive | 4-5",535,TRUE
"autism_blotner_2025_s2_qcae","item_response_warehouse_2",31,535,4,16585,1,TRUE,"Cognitive/educational","Cognitive/educational","cognitive","Likert Scale/selected response","Survey/questionnaire","Cognitive and Affective Empathy","10.1027/1614-0001/a000440","CC BY 4.0","4-5","cognitive | 4-5",535,TRUE
"beh_boredom_bieleke2022","item_response_warehouse",19,636,6,12084,1,FALSE,"Behavioral","Behavioral","other","Likert Scale/selected response","Survey/questionnaire","Assessment of Adaptive and Maladaptive Behaviors in Response to Boredom","10.1098/rsos.211998","CC BY 4.0","6-7","other | 6-7",636,TRUE
"bfi_goldberg_1992_conscientiousness","item_response_warehouse",10,19719,5,197190,1,FALSE,"Personality","Personality","affective/opinion","Likert Scale/selected response","Survey/questionnaire","Big Five Inventory: Conscientiousness","10.1037/1040-3590.4.1.26","CC BY 4.0","4-5","affective/opinion | 4-5",2000,FALSE
"bfi_goldberg_1992_openness_to_experience","item_response_warehouse",10,19719,5,197190,1,FALSE,"Personality","Personality","affective/opinion","Likert Scale/selected response","Survey/questionnaire","Big Five Inventory: Openness to Experience","10.1037/1040-3590.4.1.26","CC BY 4.0","4-5","affective/opinion | 4-5",2000,FALSE
"bittencourt_2021_dfs2","item_response_warehouse_3",36,681,5,24516,1,FALSE,NA,"[untagged]","untagged",NA,NA,NA,"10.1371/journal.pone.0253044","CC BY 4.0","4-5","untagged | 4-5",681,TRUE
"bscs_fadplus_goto2021","item_response_warehouse",13,802,5,10426,1,FALSE,"Opinion/attitude","Opinion/attitude","affective/opinion","Likert Scale/selected response","Survey/questionnaire","Measure of Belief in Free Will and Determinism","10.3389/fpsyg.2021.720601","CC BY 4.0","4-5","affective/opinion | 4-5",802,TRUE
"burnout_assessment_tool_teachers","item_response_warehouse_2",33,631,5,20823,1,FALSE,"Affective/mental health","Affective/mental health","affective/opinion","Likert Scale/selected response","Survey/questionnaire","Burnout Assessment Tool (BAT)","10.7910/dvn/nfrees","CC0 1.0","4-5","affective/opinion | 4-5",631,TRUE
"cdm_mentalhealth_tan_2023_bsi","item_response_warehouse",17,719,5,12223,1,FALSE,"Affective/mental health","Affective/mental health","affective/opinion","Likert Scale/selected response","Survey/questionnaire","Brief Symptom Inventory (BSI)","10.1007/s11121-022-01346-8","CC BY 4.0","4-5","affective/opinion | 4-5",719,TRUE
"chen2022b_psychabuse","item_response_warehouse_3",14,417,5,5838,1,FALSE,NA,"[untagged]","untagged",NA,NA,NA,"10.3389/fpsyg.2022.852256","CC BY 4.0","4-5","untagged | 4-5",417,TRUE
"chen2022b_socsupport","item_response_warehouse_3",12,417,7,5004,1,FALSE,NA,"[untagged]","untagged",NA,NA,NA,"10.3389/fpsyg.2022.852256","CC BY 4.0","6-7","untagged | 6-7",417,TRUE
"christiannationalism_davis2021","item_response_warehouse",6,1378,5,8268,1,FALSE,"Opinion/attitude","Opinion/attitude","affective/opinion","Likert Scale/selected response","Survey/questionnaire","Christian Nationalism Scale (Six-Item Index)","10.1017/s1755048322000256","CC0 1.0","4-5","affective/opinion | 4-5",1378,TRUE
"colomer_perez_2021_asa","item_response_warehouse_3",24,920,5,22080,1,FALSE,NA,"[untagged]","untagged",NA,NA,NA,"10.1371/journal.pone.0260827","CC BY 4.0","4-5","untagged | 4-5",920,TRUE
"consideration_future_consequences","item_response_warehouse",12,15035,5,180420,1,FALSE,"Behavioral","Behavioral","other","Likert Scale/selected response","Test","Experiences in Close Relationships Scale","na","CC BY 4.0","4-5","other | 4-5",2000,FALSE
"conspiracy_asd__conspiracy_gcbs","item_response_warehouse_2",15,433,5,6495,1,FALSE,NA,"[untagged]","untagged",NA,NA,NA,"na","CC BY 4.0","4-5","untagged | 4-5",433,TRUE
"conspiracy_asd__schizotypy","item_response_warehouse_2",37,433,5,16021,1,FALSE,NA,"[untagged]","untagged",NA,NA,NA,"na","CC BY 4.0","4-5","untagged | 4-5",433,TRUE
"daiku_2021_dirty_dozen","item_response_warehouse_3",12,305,5,3660,1,FALSE,NA,"[untagged]","untagged",NA,NA,NA,"10.1371/journal.pone.0249815","CC BY 4.0","4-5","untagged | 4-5",305,TRUE
"depression_hymcohort_tang2022","item_response_warehouse",24,448,5,10752,1,FALSE,"Affective/mental health","Affective/mental health","affective/opinion","Likert Scale/selected response","Survey/questionnaire","BSI Depression and PROMIS Depression","10.1371/journal.pone.0278232","CC0 1.0","4-5","affective/opinion | 4-5",448,TRUE
"ders_valencia_2025","item_response_warehouse_2",36,345,5,12420,1,FALSE,"Affective/mental health","Affective/mental health","affective/opinion","Likert Scale/selected response","Survey/questionnaire","Difficulties in Emotion Regulation Scale","10.32348/1852.4206.v16.n2.36158","CC BY 4.0","4-5","affective/opinion | 4-5",345,TRUE
"disgust_berger2014","item_response_warehouse",25,1414,5,35350,1,FALSE,"Affective/mental health","Affective/mental health","affective/opinion","Likert Scale/selected response","Survey/questionnaire","Berger and Anaki disgust scale","10.5334/jopd.ag","CC0 1.0","4-5","affective/opinion | 4-5",1414,TRUE
"dmirt_forsberg_2024","item_response_warehouse_2",20,1046,6,20920,1,FALSE,"Opinion/attitude","Opinion/attitude","affective/opinion","Likert Scale/selected response","Survey/questionnaire","Moral Preferences","10.21105/joss.06523","CC BY 4.0","6-7","affective/opinion | 6-7",1046,TRUE
"dong_2024_ccaiq","item_response_warehouse_2",13,332,6,4316,1,FALSE,NA,"[untagged]","untagged",NA,NA,NA,"10.6084/m9.figshare.25378894.v1","CC BY 4.0","6-7","untagged | 6-7",332,TRUE
"dong_2024_engagement","item_response_warehouse_2",15,332,6,4980,1,FALSE,NA,"[untagged]","untagged",NA,NA,NA,"10.6084/m9.figshare.25378894.v1","CC BY 4.0","6-7","untagged | 6-7",332,TRUE
"dopmeijer_2022_loneliness","item_response_warehouse_3",11,3141,5,34551,1,FALSE,NA,"[untagged]","untagged",NA,NA,NA,"10.1371/journal.pone.0267175","CC BY 4.0","4-5","untagged | 4-5",2000,FALSE
"dopmeijer_2022_performance_pressure","item_response_warehouse_3",12,3141,5,37692,1,FALSE,NA,"[untagged]","untagged",NA,NA,NA,"10.1371/journal.pone.0267175","CC BY 4.0","4-5","untagged | 4-5",2000,FALSE
"dou2025_area","item_response_warehouse_3",12,748,5,8976,1,FALSE,NA,"[untagged]","untagged",NA,NA,NA,"10.1371/journal.pone.0331067","CC BY 4.0","4-5","untagged | 4-5",748,TRUE
"ees_sarling_2024","item_response_warehouse",30,805,5,24150,1,FALSE,"Personality","Personality","affective/opinion","Likert Scale/selected response","Survey/questionnaire","Empathic Experience Scale (EES)","10.1027/2698-1866/a000079","CC BY 4.0","4-5","affective/opinion | 4-5",805,TRUE
"envirisk_lalot_2025","item_response_warehouse",12,2005,11,24060,1,FALSE,"Opinion/attitude","Opinion/attitude","affective/opinion","Likert Scale/selected response","Survey/questionnaire","Environmental risk perception","10.1016/j.jenvp.2025.102520","CC BY 4.0","8+","affective/opinion | 8+",2000,FALSE
"feardriving_fisher2021","item_response_warehouse",25,810,5,20250,1,FALSE,"Affective/mental health, Opinion/attitude","Affective/mental health","affective/opinion","Mixed","Survey/questionnaire","Psychometric Validation of the Instrument for Fear of Driving (IFD)","10.1027/1015-5759/a000683","CC BY 4.0","4-5","affective/opinion | 4-5",810,TRUE
"fivpei_perrig_2023_imi","item_response_warehouse",7,1551,7,10857,1,FALSE,"Affective/mental health","Affective/mental health","affective/opinion","Likert Scale/selected response","Survey/questionnaire","Intrinsic Motivation Inventory","10.17605/osf.io/8xuhr","CC BY 4.0","6-7","affective/opinion | 6-7",1551,TRUE
"friedman_2018_risks_discrimination","item_response_warehouse_2",6,3110,6,18660,1,TRUE,"Opinion/attitude","Opinion/attitude","affective/opinion","Likert Scale/selected response","Survey/questionnaire","Discrimination","10.7910/dvn/zsja25","Custom","6-7","affective/opinion | 6-7",2000,FALSE
"friedman_2018_risks_government","item_response_warehouse_2",6,3110,6,18660,1,TRUE,"Opinion/attitude","Opinion/attitude","affective/opinion","Likert Scale/selected response","Survey/questionnaire","Appropriate","10.7910/dvn/zsja25","Custom","6-7","affective/opinion | 6-7",2000,FALSE
"frikha_2023_pe_ms","item_response_warehouse_2",9,308,5,2772,1,FALSE,NA,"[untagged]","untagged",NA,NA,NA,"10.1371/journal.pone.0297822.","CC0 1.0","4-5","untagged | 4-5",308,TRUE
"fukuda_2021_info_reliability","item_response_warehouse_3",8,1000,5,8000,1,FALSE,NA,"[untagged]","untagged",NA,NA,NA,"10.1371/journal.pone.0257552","CC BY 4.0","4-5","untagged | 4-5",1000,TRUE
"genpsych_russell_2024_gemma","item_response_warehouse",28,1001,5,28028,1,FALSE,"Personality","Personality","affective/opinion","Likert Scale/selected response","Survey/questionnaire","Big Five","10.31234/osf.io/fgbj4","CC0 1.0","4-5","affective/opinion | 4-5",1001,TRUE
"genpsych_russell_2024_gpt4o","item_response_warehouse",35,999,5,34965,1,FALSE,"Personality","Personality","affective/opinion","Likert Scale/selected response","Survey/questionnaire","Big Five","10.31234/osf.io/fgbj4","CC0 1.0","4-5","affective/opinion | 4-5",999,TRUE
"genpsych_russell_2024_llama3","item_response_warehouse",30,1001,5,30030,1,FALSE,"Personality","Personality","affective/opinion","Likert Scale/selected response","Survey/questionnaire","Big Five","10.31234/osf.io/fgbj4","CC0 1.0","4-5","affective/opinion | 4-5",1001,TRUE
"gillman_2023_pss","item_response_warehouse_3",10,404,5,4040,1,FALSE,NA,"[untagged]","untagged",NA,NA,NA,"10.1371/journal.pone.0288563","CC BY 4.0","4-5","untagged | 4-5",404,TRUE
"goksel_2026_embarrassment_puremorality","item_response_warehouse_2",8,602,9,4816,1,FALSE,"Personality","Personality","affective/opinion","Likert Scale/selected response","Survey/questionnaire","Morality (pure)","10.1037/pspa0000482","CC BY 4.0","8+","affective/opinion | 8+",602,TRUE
"goksel_2026_embarrassment_resilience","item_response_warehouse_2",9,899,5,8091,1,FALSE,"Personality","Personality","affective/opinion","Likert Scale/selected response","Survey/questionnaire","Resilience","10.1037/pspa0000480","CC BY 4.0","4-5","affective/opinion | 4-5",899,TRUE
"grit_brummerhoffman_2021","item_response_warehouse",8,1828,5,14624,1,TRUE,"Affective/mental health","Affective/mental health","affective/opinion","Likert Scale/selected response","Survey/questionnaire","Depression and anxiety question framing: The impact of asking about symptom's frequency, context, duration, ability and botherement - short version of the Grit Scale","10.1037/pas0001323","CC BY 4.0","4-5","affective/opinion | 4-5",1828,TRUE
"hao_2025_self_efficacy","item_response_warehouse_2",6,650,5,3900,1,FALSE,NA,"[untagged]","untagged",NA,NA,NA,"data doi: 10.6084/m9.figshare.30397234.v1","CC BY 4.0","4-5","untagged | 4-5",650,TRUE
"heard_roch_2022_idss","item_response_warehouse",12,600,5,7200,1,FALSE,"Affective/mental health","Affective/mental health","affective/opinion","Likert Scale/selected response","Survey/questionnaire","International Depression Symptom Scale (IDSS) asked of refugees","10.31219/osf.io/vq3ty","CC BY 4.0","4-5","affective/opinion | 4-5",600,TRUE
"heard_roch_2022_whodas","item_response_warehouse",12,600,5,7200,1,FALSE,"Affective/mental health","Affective/mental health","affective/opinion","Likert Scale/selected response","Survey/questionnaire","Difficulties due to health conditions asked of refugees","10.31219/osf.io/vq3ty","CC BY 4.0","4-5","affective/opinion | 4-5",600,TRUE
"herrera_2018_se_d_items","item_response_warehouse_3",8,439,7,3512,1,FALSE,NA,"[untagged]","untagged",NA,NA,NA,"10.1371/journal.pone.0204494","CC BY 4.0","6-7","untagged | 6-7",439,TRUE
"hexaco_ashton_2014_c","item_response_warehouse",40,22786,7,911440,1,FALSE,"Personality","Personality","affective/opinion","Likert Scale/selected response","Survey/questionnaire","HEXACO Personality Inventory: Conscientiousness (C) Facets","na","CC BY 4.0","6-7","affective/opinion | 6-7",2000,FALSE
"hexaco_ashton_2014_h","item_response_warehouse",40,22786,7,911440,1,FALSE,"Personality","Personality","affective/opinion","Likert Scale/selected response","Survey/questionnaire","HEXACO Personality Inventory: Honesty-Humility (H) Facets","na","CC BY 4.0","6-7","affective/opinion | 6-7",2000,FALSE
"hui_2024_gbfs","item_response_warehouse_3",28,309,5,8652,1,FALSE,NA,"[untagged]","untagged",NA,NA,NA,"10.1371/journal.pone.0300064","CC BY 4.0","4-5","untagged | 4-5",309,TRUE
"imos_1994","item_response_warehouse",6,385,8,2310,1,FALSE,"Cognitive/educational","Cognitive/educational","cognitive","Likert Scale/selected response","Test","International Math Olympiad problems","na","CC0 1.0","8+","cognitive | 8+",385,TRUE
"imos_1997","item_response_warehouse",6,460,8,2760,1,FALSE,"Cognitive/educational","Cognitive/educational","cognitive","Likert Scale/selected response","Test","International Math Olympiad problems","na","CC0 1.0","8+","cognitive | 8+",460,TRUE
"imos_2001","item_response_warehouse",6,473,8,2838,1,FALSE,"Cognitive/educational","Cognitive/educational","cognitive","Likert Scale/selected response","Test","International Math Olympiad problems","na","CC0 1.0","8+","cognitive | 8+",473,TRUE
"imos_2003","item_response_warehouse",6,457,8,2742,1,FALSE,"Cognitive/educational","Cognitive/educational","cognitive","Likert Scale/selected response","Test","International Math Olympiad problems","na","CC0 1.0","8+","cognitive | 8+",457,TRUE
"imos_2007","item_response_warehouse",6,520,8,3120,1,FALSE,"Cognitive/educational","Cognitive/educational","cognitive","Likert Scale/selected response","Test","International Math Olympiad problems","na","CC0 1.0","8+","cognitive | 8+",520,TRUE
"imos_2012","item_response_warehouse",6,547,8,3282,1,FALSE,"Cognitive/educational","Cognitive/educational","cognitive","Likert Scale/selected response","Test","International Math Olympiad problems","na","CC0 1.0","8+","cognitive | 8+",547,TRUE
"imos_2015","item_response_warehouse",6,577,8,3462,1,FALSE,"Cognitive/educational","Cognitive/educational","cognitive","Likert Scale/selected response","Test","International Math Olympiad problems","na","CC0 1.0","8+","cognitive | 8+",577,TRUE
"jordan_2020_mindfulness","item_response_warehouse_3",12,539,5,6468,1,FALSE,NA,"[untagged]","untagged",NA,NA,NA,"10.1371/journal.pone.0240667","CC BY 4.0","4-5","untagged | 4-5",539,TRUE
"kalichman1995_scs","item_response_warehouse_3",10,3215,4,32150,1,FALSE,NA,"[untagged]","untagged",NA,NA,NA,"10.1207/s15327752jpa6503_16","GPL-3.0","4-5","untagged | 4-5",2000,FALSE
"karajko2025_ai_benefit","item_response_warehouse_2",10,386,5,3860,1,FALSE,NA,"[untagged]","untagged",NA,NA,NA,"10.7910/dvn/ireejj","CC0 1.0","4-5","untagged | 4-5",386,TRUE
"karajko2025_ai_governance","item_response_warehouse_2",6,386,5,2316,1,FALSE,NA,"[untagged]","untagged",NA,NA,NA,"10.7910/dvn/ireejj","CC0 1.0","4-5","untagged | 4-5",386,TRUE
"lessr_mach4","item_response_warehouse",20,351,6,7020,1,FALSE,"Cognitive/educational","Cognitive/educational","cognitive","Likert Scale/selected response","Survey/questionnaire","Machiavellian beliefs and personality: Construct invalidity of the Machiavellianism dimension","10.1037/0022-3514.43.6.1293","GPL-3.0","6-7","cognitive | 6-7",351,TRUE
"liu_2025_learning_motivation","item_response_warehouse_3",16,345,5,5520,1,FALSE,NA,"[untagged]","untagged",NA,NA,NA,"10.1371/journal.pone.0330447","CC BY 4.0","4-5","untagged | 4-5",345,TRUE
"lorenz_2016_optimism2","item_response_warehouse_3",10,321,6,3210,1,FALSE,NA,"[untagged]","untagged",NA,NA,NA,"10.1371/journal.pone.0152892","CC BY 4.0","6-7","untagged | 6-7",321,TRUE
"mental_health_wang_2024_phq","item_response_warehouse_2",9,958,4,8622,1,TRUE,"Affective/mental health","Affective/mental health","affective/opinion","Likert Scale/selected response","Survey/questionnaire","Impact of COVID-19 - Anxiety","10.7910/dvn/t5taqa","CC0 1.0","4-5","affective/opinion | 4-5",958,TRUE
"merlo2025_eet","item_response_warehouse_2",29,1065,6,30885,1,FALSE,NA,"[untagged]","untagged",NA,NA,NA,"10.6084/m9.figshare.30195541.v1","CC BY 4.0","6-7","untagged | 6-7",1065,TRUE
"merlo2025_eng_cognitive","item_response_warehouse_2",12,1065,7,12780,1,FALSE,NA,"[untagged]","untagged",NA,NA,NA,"10.6084/m9.figshare.30195541.v1","CC BY 4.0","6-7","untagged | 6-7",1065,TRUE
"moral_absolutism_goyal_2025_mr","item_response_warehouse_2",9,2430,10,21870,1,TRUE,"Opinion/attitude","Opinion/attitude","affective/opinion","Likert Scale/selected response","Survey/questionnaire","Moral Relativism","10.1037/pspa0000464","CC BY-NC 4.0","8+","affective/opinion | 8+",2000,FALSE
"movac_pakpour2022","item_response_warehouse",12,6008,7,72096,1,FALSE,"Opinion/attitude","Opinion/attitude","affective/opinion","Likert Scale/selected response","Survey/questionnaire","Motors of COVID-19 Vaccination Acceptance Scale (MoVac-COVID19S)","10.7910/dvn/u8zydf","CC0 1.0","6-7","affective/opinion | 6-7",2000,FALSE
"mpsycho_rogers_depression","item_response_warehouse_2",16,495,4,7920,1,FALSE,"Affective/mental health","Affective/mental health","affective/opinion","Likert Scale/selected response","Survey/questionnaire","Quick Inventory of Depressive Symptomatology - self-report version (QIDS-SR)","10.1017/s0033291716003287","GPL-2.0","4-5","affective/opinion | 4-5",495,TRUE
"namprb_siwiak_2024_gcbs","item_response_warehouse",15,405,5,6075,1,FALSE,"Opinion/attitude","Opinion/attitude","affective/opinion","Likert Scale/selected response","Survey/questionnaire","Generic Conspiracist Beliefs Scale(GCBS)","10.31234/osf.io/7u98d","CC BY 4.0","4-5","affective/opinion | 4-5",405,TRUE
"nas_rogoza_2024_study2_ngs","item_response_warehouse",13,353,7,4589,1,FALSE,"Personality, Opinion/attitude","Personality","affective/opinion","Likert Scale/selected response","Survey/questionnaire","Narcissistic Grandiosity Scale (NGS) — Three-Factor Structure","10.1037/pas0001344","CC0 1.0","6-7","affective/opinion | 6-7",353,TRUE
"niazi_2020_mfq","item_response_warehouse_3",32,300,6,9600,1,FALSE,NA,"[untagged]","untagged",NA,NA,NA,"10.1371/journal.pone.0229926","CC BY 4.0","6-7","untagged | 6-7",300,TRUE
"odachi_2022_fear_covid19","item_response_warehouse_3",7,417,5,2919,1,FALSE,NA,"[untagged]","untagged",NA,NA,NA,"10.1371/journal.pone.0276803","CC BY 4.0","4-5","untagged | 4-5",417,TRUE
"ozkurt_2026_continuance_intention","item_response_warehouse_3",6,374,7,2244,1,FALSE,NA,"[untagged]","untagged",NA,NA,NA,"10.1371/journal.pone.0353067","CC BY 4.0","6-7","untagged | 6-7",374,TRUE
"ozkurt_2026_paces_enjoyment","item_response_warehouse_3",8,374,7,2992,1,FALSE,NA,"[untagged]","untagged",NA,NA,NA,"10.1371/journal.pone.0353067","CC BY 4.0","6-7","untagged | 6-7",374,TRUE
"pavic_2022_vaccine_conspiracy","item_response_warehouse_3",7,577,5,4039,1,FALSE,NA,"[untagged]","untagged",NA,NA,NA,"10.1371/journal.pone.0264722","CC BY 4.0","4-5","untagged | 4-5",577,TRUE
"pecino_2018_extrarole_wfb","item_response_warehouse_3",34,442,6,15028,1,FALSE,NA,"[untagged]","untagged",NA,NA,NA,"10.1371/journal.pone.0207458","CC BY 4.0","6-7","untagged | 6-7",442,TRUE
"pezzuti_2025_coolpeople_main_individualism_usa","item_response_warehouse_2",8,844,7,6752,1,FALSE,"Opinion/attitude","Opinion/attitude","affective/opinion","Likert Scale/selected response","Survey/questionnaire","Individualism","10.1037/xge0001799","CC BY 4.0","6-7","affective/opinion | 6-7",844,TRUE
"pezzuti_2025_coolpeople_single-items","item_response_warehouse_2",10,5656,7,56560,1,TRUE,"Opinion/attitude","Opinion/attitude","affective/opinion","Likert Scale/selected response","Survey/questionnaire","Single-item Attributes","10.1037/xge0001799","CC BY 4.0","6-7","affective/opinion | 6-7",2000,FALSE
"promispme_forrest_2021_ghglobal_children","item_response_warehouse",18,3635,6,65430,1,FALSE,"Physical health/functioning","Physical health/functioning","other","Likert Scale/selected response","Survey/questionnaire","PROMIS Pediatric Global Health (PGH-7)","10.7910/dvn/qoo7qx","CC0 1.0","6-7","other | 6-7",2000,FALSE
"queiros_2018_qcae","item_response_warehouse_3",31,562,4,17422,1,FALSE,NA,"[untagged]","untagged",NA,NA,NA,"10.1371/journal.pone.0197755","CC BY 4.0","4-5","untagged | 4-5",562,TRUE
"rfq8_wozniakprus_2022","item_response_warehouse_2",8,538,7,4304,1,FALSE,"Affective/mental health","Affective/mental health","affective/opinion","Likert Scale/selected response","Survey/questionnaire","Reflective Functioning Questionnaire (RFQ-8)","10.1080/00223891.2021.2014505","CC0 1.0","6-7","affective/opinion | 6-7",538,TRUE
"rmet_higgins_2022_rmet","item_response_warehouse_2",37,1222,4,45214,1,FALSE,"Cognitive/educational","Cognitive/educational","cognitive","Constructed Response","Test","Reading the Mind in the Eyes Test","10.1177/10731911221124342","CC BY 4.0","4-5","cognitive | 4-5",1222,TRUE
"rodriguezquiroga_2024_epistemic_trust","item_response_warehouse_3",15,1018,7,15270,1,FALSE,NA,"[untagged]","untagged",NA,NA,NA,"10.1371/journal.pone.0311352","CC BY 4.0","6-7","untagged | 6-7",1018,TRUE
"rosenberg_selfesteem","item_response_warehouse",10,47974,4,479740,1,FALSE,"Personality, Behavioral","Personality","affective/opinion","Likert Scale/selected response","Test","Rosenberg Self Esteem Scale","na","CC BY 4.0","4-5","affective/opinion | 4-5",2000,FALSE
"rosetti2023_climate_anxiety","item_response_warehouse_2",22,468,5,10296,1,FALSE,NA,"[untagged]","untagged",NA,NA,NA,"10.6084/m9.figshare.16900393.v2","CC BY 4.0","4-5","untagged | 4-5",468,TRUE
"rosetti2023_gad7","item_response_warehouse_2",7,468,4,3276,1,FALSE,NA,"[untagged]","untagged",NA,NA,NA,"10.6084/m9.figshare.16900393.v2","CC BY 4.0","4-5","untagged | 4-5",468,TRUE
"rrca_mcneish_2025_exp","item_response_warehouse",8,386,4,3088,1,FALSE,"Cognitive/educational","Cognitive/educational","cognitive","Likert Scale/selected response","Observational rating","Measure of Original Thinking in Elementary School - Example Subscale","10.3758/s13428-025-02611-8","CC BY 4.0","4-5","cognitive | 4-5",386,TRUE
"sabers_vesper2023","item_response_warehouse",15,1361,5,20415,1,FALSE,"Opinion/attitude","Opinion/attitude","affective/opinion","Likert Scale/selected response","Survey/questionnaire","Strike Attitude and Behavioral Reactions Scale (SABeRS)","10.1027/1015-5759/a000807","CC BY 4.0","4-5","affective/opinion | 4-5",1361,TRUE
"sabfi2_gallardo_pujol_2018_tight","item_response_warehouse",6,419,5,2514,1,FALSE,NA,NA,"other",NA,NA,"Tightness-looseness scale","10.1027/2698-1866/a000020","CC BY 4.0","4-5","other | 4-5",419,TRUE
"safiye_2023_rfq","item_response_warehouse_3",8,823,7,6584,1,FALSE,NA,"[untagged]","untagged",NA,NA,NA,"10.1371/journal.pone.0279535","CC BY 4.0","6-7","untagged | 6-7",823,TRUE
"sd3ypl_klimczak_2019_sd3","item_response_warehouse_2",26,730,7,18980,1,FALSE,"Personality","Personality","affective/opinion","Likert Scale/selected response","Survey/questionnaire","Dark Triad traits","10.5114/cipp.2020.99627","CC BY 4.0","6-7","affective/opinion | 6-7",730,TRUE
"sexual_compulsivity","item_response_warehouse",10,3376,4,33760,1,FALSE,"Physical health/functioning","Physical health/functioning","other","Likert Scale/selected response","Survey/questionnaire","Sexual Compulsivity Scale","na","CC BY 4.0","4-5","other | 4-5",2000,FALSE
"shorttripm_silvia_2025","item_response_warehouse_2",15,1151,4,17265,1,FALSE,"Personality","Personality","affective/opinion","Likert Scale/selected response","Survey/questionnaire","Short TriPM","10.31234/osf.io/uy9gb_v1","CC BY 4.0","4-5","affective/opinion | 4-5",1151,TRUE
"shu_2025_translation_eib","item_response_warehouse",7,1054,9,7378,1,FALSE,"Affective/mental health, Opinion/attitude","Affective/mental health","affective/opinion","Likert Scale/selected response","Survey/questionnaire","Emotional Identification and Belongingness","10.1371/journal.pone.0318101","CC BY 4.0","8+","affective/opinion | 8+",1054,TRUE
"silva_2018_mbds","item_response_warehouse_3",12,802,28,9624,1,FALSE,NA,"[untagged]","untagged",NA,NA,NA,"10.1371/journal.pone.0199480","CC BY 4.0","8+","untagged | 8+",802,TRUE
"singh_2025_identity_pss","item_response_warehouse",10,1470,5,14700,1,FALSE,"Opinion/attitude, Affective/mental health","Opinion/attitude","affective/opinion","Likert Scale/selected response","Survey/questionnaire","Stress","10.1371/journal.pone.0318449","CC BY 4.0","4-5","affective/opinion | 4-5",1470,TRUE
"sned_bendall_2024","item_response_warehouse",6,801,10,4806,1,FALSE,"Other","Other","other","Likert Scale/selected response","Observational rating","The Salford Nature Environments Database (SNED)","10.3758/s13428-024-02556-4","CC0 1.0","8+","other | 8+",801,TRUE
"song_2023_mpats","item_response_warehouse_3",16,1238,5,19808,1,FALSE,NA,"[untagged]","untagged",NA,NA,NA,"10.1371/journal.pone.0284335","CC BY 4.0","4-5","untagged | 4-5",1238,TRUE
"song_2025_sc","item_response_warehouse_3",6,485,5,2910,1,FALSE,"Opinion/attitude","Opinion/attitude","affective/opinion","Likert Scale/selected response","Survey/questionnaire","Service climate scale","10.1371/journal.pone.0323811","CC BY 4.0","4-5","affective/opinion | 4-5",485,TRUE
"suicide_reinbergs_2025_stig","item_response_warehouse_2",9,1258,4,11322,1,FALSE,"Opinion/attitude","Opinion/attitude","affective/opinion","Likert Scale/selected response","Survey/questionnaire","Stigma–9 Questionnaire (STIG-9)","10.31219/osf.io/3vd9f_v1","CC BY 4.0","4-5","affective/opinion | 4-5",1258,TRUE
"thanh_2025_green_knowledge","item_response_warehouse_3",6,407,5,2442,1,FALSE,NA,"[untagged]","untagged",NA,NA,NA,"10.1371/journal.pone.0320053","CC BY 4.0","4-5","untagged | 4-5",407,TRUE
"tian2026_digital_competence","item_response_warehouse_2",29,764,5,22156,1,FALSE,NA,"[untagged]","untagged",NA,NA,NA,"10.6084/m9.figshare.32564154.v1","CC BY 4.0","4-5","untagged | 4-5",764,TRUE
"vei_brazillian_shiramizu_2018_iri","item_response_warehouse",28,698,5,19544,1,FALSE,"Affective/mental health, Cognitive/educational","Affective/mental health","affective/opinion","Likert Scale/selected response","Survey/questionnaire","Interpersonal Reactivity Index (IRI)","10.31234/osf.io/zwu26","CC BY 4.0","4-5","affective/opinion | 4-5",698,TRUE
"wang2022_fomo","item_response_warehouse_2",10,324,5,3240,1,FALSE,NA,"[untagged]","untagged",NA,NA,NA,"10.3389/fpsyt.2022.827519","CC BY 4.0","4-5","untagged | 4-5",324,TRUE
"wang_onlineriskexp_2025_anxiety","item_response_warehouse",7,986,4,6902,1,FALSE,"Affective/mental health","Affective/mental health","affective/opinion","Likert Scale/selected response","Survey/questionnaire","Anxiety scale","10.1371/journal.pone.0319700","CC BY 4.0","4-5","affective/opinion | 4-5",986,TRUE
"west_2021_aggnet_bfi2_agg_neu","item_response_warehouse_2",17,616,5,10472,1,FALSE,"Personality","Personality","affective/opinion","Likert Scale/selected response","Survey/questionnaire","Big Five Inventory Agreeableness and Neuroticism","10.1111/jopy.12695",NA,"4-5","affective/opinion | 4-5",616,TRUE
"xu2024_self_efficacy","item_response_warehouse_2",7,414,5,2898,1,FALSE,NA,"[untagged]","untagged",NA,NA,NA,"10.7910/dvn/atlxc5","CC0 1.0","4-5","untagged | 4-5",414,TRUE
"yang_2026_stress_response","item_response_warehouse_3",32,1033,5,33056,1,FALSE,NA,"[untagged]","untagged",NA,NA,NA,"10.1371/journal.pone.0350928","CC BY 4.0","4-5","untagged | 4-5",1033,TRUE
"zeng_2025_academic_buoyancy_cfa","item_response_warehouse_3",21,423,5,8883,1,FALSE,NA,"[untagged]","untagged",NA,NA,NA,"10.1371/journal.pone.0318347","CC BY 4.0","4-5","untagged | 4-5",423,TRUE
"zhou_2025_peer_relationship","item_response_warehouse_3",16,14892,4,238272,1,FALSE,NA,"[untagged]","untagged",NA,NA,NA,"10.1371/journal.pone.0330637","CC BY 4.0","4-5","untagged | 4-5",2000,FALSE
