"table","replicate","seed","n_items","n_resp","n_resp_full","N_capped","OverallSD","OverallKurt","OverallRightKurt","VarColPC1","SkewColPC1","SkewColPC2","Skewness","Mean_Row_Corr","Row_Corr_Kurtosis","CorrRightKurt","Mean_Col_Kurtosis","Mean_SD_Ratio","PercentOut","intrinsicDemnsionalityProp","PercentOut_cells","OverallRightKurt_corrected","nrOut_raw","intrinsicDim_raw"
"ada_boredom_bieleke2022",1,101,10,630,630,FALSE,1.74535965828334,-0.779198038936453,-1.88606799913623,8.72679194184114,-0.596763759603329,0.614918268759272,-0.485220237788764,0.398585313228062,-0.255380356190851,-0.932880612846151,0.186649891482226,0.783243643105501,50,0.3,0.0365079365079365,-1.05609715840186,5,3
"ada_boredom_bieleke2022",2,202,10,630,630,FALSE,1.74535965828334,-0.779198038936453,-1.88606799913623,8.72679194184114,-0.596763759603329,0.614918268759272,-0.485220237788764,0.398585313228062,-0.255380356190851,-0.932880612846151,0.186649891482226,0.783243643105501,50,0.3,0.0365079365079365,-1.05609715840186,5,3
"ada_boredom_bieleke2022",3,303,10,630,630,FALSE,1.74535965828334,-0.779198038936453,-1.88606799913623,8.72679194184114,-0.596763759603329,0.614918268759272,-0.485220237788764,0.398585313228062,-0.255380356190851,-0.932880612846151,0.186649891482226,0.783243643105501,50,0.3,0.0365079365079365,-1.05609715840186,5,3
"algner2022_mimi16",1,101,16,606,606,FALSE,1.86470737592694,-1.43466508892611,-1.95420247334036,20.0085836347385,-0.0193953863134792,0.22053603186255,0.209612764992394,0.250995556233521,-0.0460228959898519,0.432105275140831,-0.830521107600633,0.915724642054736,6.25,0.25,0.0108292079207921,-1.52703602576888,1,4
"algner2022_mimi16",2,202,16,606,606,FALSE,1.86470737592694,-1.43466508892611,-1.95420247334036,20.0085836347385,-0.0193953863134792,0.22053603186255,0.209612764992394,0.250995556233521,-0.0460228959898519,0.432105275140831,-0.830521107600633,0.915724642054736,6.25,0.25,0.0108292079207921,-1.52703602576888,1,4
"algner2022_mimi16",3,303,16,606,606,FALSE,1.86470737592694,-1.43466508892611,-1.95420247334036,20.0085836347385,-0.0193953863134792,0.22053603186255,0.209612764992394,0.250995556233521,-0.0460228959898519,0.432105275140831,-0.830521107600633,0.915724642054736,6.25,0.25,0.0108292079207921,-1.52703602576888,1,4
"alsecypiamh_wu_2022_empathy",1,101,7,2000,7428,TRUE,1.10288430979033,-0.444181967661232,-1.91075421456173,2.72392523047722,-0.549594642732116,-0.224387976050832,-0.536286848194454,0.160891437610984,-0.732305642477175,-0.814374610232221,-0.0190865575644,0.928491102174636,42.8571428571429,0.285714285714286,0.0757857142857143,-1.20934915580266,3,2
"alsecypiamh_wu_2022_empathy",2,202,7,2000,7428,TRUE,1.09895244124351,-0.435104060443387,-1.91424894653383,2.66494478234,0.598004489014945,-0.343670879579885,-0.535333009323886,0.158038419106277,-0.711318810468171,-0.817813557445263,0.0550949294269348,0.930963619942665,28.5714285714286,0.428571428571429,0.0641428571428571,-1.17137947513326,2,3
"alsecypiamh_wu_2022_empathy",3,303,7,2000,7428,TRUE,1.08565933175441,-0.437333893901517,-1.91631024978368,2.48416070998575,0.515967733608807,0.310740498817984,-0.519477228557899,0.151436832647301,-0.743730576052563,-0.797407716235245,-0.00964105035860641,0.935411521886491,57.1428571428571,0.285714285714286,0.0773571428571429,-1.13395514077565,4,2
"alsecypiamh_wu_2022_swemwbs",1,101,7,2000,6904,TRUE,0.977116756648558,-0.385260242799237,-1.95749807054857,3.02346215208283,-0.0313776882454024,-0.256060452796632,-0.152183168523969,0.142513597890064,-0.634345162287744,-0.68807738232845,-0.293446253782603,0.959560999287091,85.7142857142857,0.285714285714286,0.0186428571428571,-1.18792902672371,6,2
"alsecypiamh_wu_2022_swemwbs",2,202,7,2000,6904,TRUE,0.962206387169298,-0.333059564321351,-1.96204175555317,2.95144254098476,-0.144178875187536,0.233181477955464,-0.166351070583205,0.13555636002488,-0.649364873941407,-0.674773976674386,-0.236729543741162,0.961876143107928,85.7142857142857,0.285714285714286,0.0189285714285714,-1.02201451404323,6,2
"alsecypiamh_wu_2022_swemwbs",3,303,7,2000,6904,TRUE,0.955042988399741,-0.281923221889142,-1.96546592801217,2.95124819437909,-0.184553200232851,-0.173727117127973,-0.187028724218832,0.141109470450779,-0.63577228661935,-0.673961904296208,-0.177469090407527,0.961805335202179,85.7142857142857,0.285714285714286,0.0199285714285714,-0.912524074912104,6,2
"alsuhibani_2022_pads_s1",1,101,10,430,430,FALSE,1.37074309683069,-1.32968348604144,-1.98646575644143,7.10931783851395,0.0264457324345696,-0.193616396309118,0.282308791007565,0.261334284008865,-0.328840445979715,-0.392700915963621,-0.468039152649068,0.905025359045437,20,0.3,0.0323255813953488,-0.846438969246362,2,3
"alsuhibani_2022_pads_s1",2,202,10,430,430,FALSE,1.37074309683069,-1.32968348604144,-1.98646575644143,7.10931783851395,0.0264457324345696,-0.193616396309118,0.282308791007565,0.261334284008865,-0.328840445979715,-0.392700915963621,-0.468039152649068,0.905025359045437,20,0.3,0.0323255813953488,-0.846438969246362,2,3
"alsuhibani_2022_pads_s1",3,303,10,430,430,FALSE,1.37074309683069,-1.32968348604144,-1.98646575644143,7.10931783851395,0.0264457324345696,-0.193616396309118,0.282308791007565,0.261334284008865,-0.328840445979715,-0.392700915963621,-0.468039152649068,0.905025359045437,20,0.3,0.0323255813953488,-0.846438969246362,2,3
"alsyouf_2024_facilitating_conditions",1,101,6,429,429,FALSE,1.08503195073471,-0.414180283795643,-2.00077443679816,3.51606596470514,-0.36918183849337,-0.215498511113278,-0.407627112487364,0.0393027278301271,-1.16927803482114,-1.12931146434344,-0.295932716707857,0.984193298509748,83.3333333333333,0.333333333333333,0.0439005439005439,-1.2699899158334,5,2
"alsyouf_2024_facilitating_conditions",2,202,6,429,429,FALSE,1.08503195073471,-0.414180283795643,-2.00077443679816,3.51606596470514,-0.36918183849337,-0.215498511113278,-0.407627112487364,0.0393027278301271,-1.16927803482114,-1.12931146434344,-0.295932716707857,0.984193298509748,83.3333333333333,0.333333333333333,0.0439005439005439,-1.2699899158334,5,2
"alsyouf_2024_facilitating_conditions",3,303,6,429,429,FALSE,1.08503195073471,-0.414180283795643,-2.00077443679816,3.51606596470514,-0.36918183849337,-0.215498511113278,-0.407627112487364,0.0393027278301271,-1.16927803482114,-1.12931146434344,-0.295932716707857,0.984193298509748,83.3333333333333,0.333333333333333,0.0439005439005439,-1.2699899158334,5,2
"assessment_time_fournier_2025_pmpuq",1,101,15,395,395,FALSE,1.00318021251395,-0.926091278726564,-1.43519009056621,2.76469961464218,0.204599969155719,0.445352609593177,0.520810726194962,0.415037766482048,0.0197678587349199,-0.957919211981185,0.830016009154232,0.801295349537925,66.6666666666667,0.333333333333333,0.0334177215189873,-1.19163835483993,10,5
"assessment_time_fournier_2025_pmpuq",2,202,15,395,395,FALSE,1.00318021251395,-0.926091278726564,-1.43519009056621,2.76469961464218,0.204599969155719,0.445352609593177,0.520810726194962,0.415037766482048,0.0197678587349199,-0.957919211981185,0.830016009154232,0.801295349537925,66.6666666666667,0.333333333333333,0.0334177215189873,-1.19163835483993,10,5
"assessment_time_fournier_2025_pmpuq",3,303,15,395,395,FALSE,1.00318021251395,-0.926091278726564,-1.43519009056621,2.76469961464218,0.204599969155719,0.445352609593177,0.520810726194962,0.415037766482048,0.0197678587349199,-0.957919211981185,0.830016009154232,0.801295349537925,66.6666666666667,0.333333333333333,0.0334177215189873,-1.19163835483993,10,5
"assessment_time_fournier_2025_upps",1,101,20,398,398,FALSE,0.894701849968061,-0.698168204016743,-1.55559398282316,4.25992676053817,0.237052829865817,-0.234504239148921,0.319112674915993,0.239475462714997,-0.159737615570045,0.357823414867013,-0.349454976201841,0.900285940200913,40,0.3,0.00778894472361809,-0.311695934388784,8,6
"assessment_time_fournier_2025_upps",2,202,20,398,398,FALSE,0.894701849968061,-0.698168204016743,-1.55559398282316,4.25992676053817,0.237052829865817,-0.234504239148921,0.319112674915993,0.239475462714997,-0.159737615570045,0.357823414867013,-0.349454976201841,0.900285940200913,40,0.3,0.00778894472361809,-0.311695934388784,8,6
"assessment_time_fournier_2025_upps",3,303,20,398,398,FALSE,0.894701849968061,-0.698168204016743,-1.55559398282316,4.25992676053817,0.237052829865817,-0.234504239148921,0.319112674915993,0.239475462714997,-0.159737615570045,0.357823414867013,-0.349454976201841,0.900285940200913,40,0.3,0.00778894472361809,-0.311695934388784,8,6
"autism_blotner_2025_s2_aq",1,101,10,525,525,FALSE,0.914569227740264,-0.805411074619568,-1.96779840675886,1.56706306538962,0.177280722424759,-0.202359899332822,-0.0967542020113043,0.236050710011217,-0.453344634737627,-0.767508996416579,-0.246372458575126,0.8771309621904,50,0.4,0.056952380952381,-1.29988346963475,5,4
"autism_blotner_2025_s2_aq",2,202,10,525,525,FALSE,0.914569227740264,-0.805411074619568,-1.96779840675886,1.56706306538962,0.177280722424759,-0.202359899332822,-0.0967542020113043,0.236050710011217,-0.453344634737627,-0.767508996416579,-0.246372458575126,0.8771309621904,50,0.4,0.056952380952381,-1.29988346963475,5,4
"autism_blotner_2025_s2_aq",3,303,10,525,525,FALSE,0.914569227740264,-0.805411074619568,-1.96779840675886,1.56706306538962,0.177280722424759,-0.202359899332822,-0.0967542020113043,0.236050710011217,-0.453344634737627,-0.767508996416579,-0.246372458575126,0.8771309621904,50,0.4,0.056952380952381,-1.29988346963475,5,4
"autism_blotner_2025_s2_qcae",1,101,31,529,529,FALSE,0.835302149308623,-0.341587265272116,-1.24783326413841,4.82619355843485,-0.376361722157995,0.643194211164212,-0.407666390854661,0.224378103107494,-0.437724813801803,-0.0791948761950292,-0.0597754579912142,0.895109242259952,58.0645161290323,0.290322580645161,0.075492408073663,-1.31338580891472,18,9
"autism_blotner_2025_s2_qcae",2,202,31,529,529,FALSE,0.835302149308623,-0.341587265272116,-1.24783326413841,4.82619355843485,-0.376361722157995,0.643194211164212,-0.407666390854661,0.224378103107494,-0.437724813801803,-0.0791948761950292,-0.0597754579912142,0.895109242259952,58.0645161290323,0.290322580645161,0.075492408073663,-1.31338580891472,18,9
"autism_blotner_2025_s2_qcae",3,303,31,529,529,FALSE,0.835302149308623,-0.341587265272116,-1.24783326413841,4.82619355843485,-0.376361722157995,0.643194211164212,-0.407666390854661,0.224378103107494,-0.437724813801803,-0.0791948761950292,-0.0597754579912142,0.895109242259952,58.0645161290323,0.290322580645161,0.075492408073663,-1.31338580891472,18,9
"beh_boredom_bieleke2022",2,202,19,635,635,FALSE,1.73308860106974,-1.23661085744154,-1.99156196287991,8.33122985927363,1.37994785795089,-0.196065781220761,0.437236546595712,0.541387595410372,1.04621864866554,-0.88872077822719,1.64628378260639,0.702059025195561,63.1578947368421,0.315789473684211,0.0705346042271032,-1.06001879929934,12,6
"beh_boredom_bieleke2022",3,303,19,635,635,FALSE,1.73308860106974,-1.23661085744154,-1.99156196287991,8.33122985927363,1.37994785795089,-0.196065781220761,0.437236546595712,0.541387595410372,1.04621864866554,-0.88872077822719,1.64628378260639,0.702059025195561,63.1578947368421,0.315789473684211,0.0705346042271032,-1.06001879929934,12,6
"bfi_goldberg_1992_conscientiousness",1,101,10,2000,19683,TRUE,1.28868763701344,-1.04333521831289,-1.93252299736897,5.81860043569097,-0.0114678341831917,-0.0201041660065207,-0.177968428923867,0.151365115334532,-0.712585115530601,-0.88141541530113,-0.702556534536628,0.922965539672714,30,0.3,0.0129,-1.84169766004077,3,3
"bfi_goldberg_1992_conscientiousness",2,202,10,2000,19683,TRUE,1.26966631054266,-1.00674330177292,-1.92153230226453,5.4723483655285,0.0401200611499962,0.0364321862528321,-0.176977862271201,0.140647271939258,-0.694922926570554,-0.819172930189783,-0.718938571673001,0.930383501076356,30,0.3,0.01435,-1.77080777311635,3,3
"bfi_goldberg_1992_openness_to_experience",1,101,10,2000,19687,TRUE,1.37939652628925,-1.13047967863213,-1.99951433031491,3.94796773153817,-0.395828772052801,-0.0230035710232675,-0.336490928062383,0.425674618495107,0.0131727878864685,-1.07895542637266,0.102191110032529,0.760962227423886,40,0.4,0.0325,-1.9958113530735,4,4
"bfi_goldberg_1992_openness_to_experience",2,202,10,2000,19687,TRUE,1.37263643549164,-1.11379930888249,-1.9994343132855,4.03094358826614,0.427052414851285,-0.0669283654182574,-0.341904271593636,0.424333433329377,0.0327049345793697,-1.08900715772679,0.110064553022327,0.761024597429947,40,0.4,0.0302,-1.99100731793978,4,4
"bscs_fadplus_goto2021",1,101,13,800,800,FALSE,1.1481188508632,-0.896835474603619,-1.87413279388751,5.7398438109319,-0.0192752446976006,-0.135995965896573,-0.103891557819144,0.136920778975328,-0.42805823630611,-0.37943199768414,-0.649925153134742,0.941759596269013,30.7692307692308,0.307692307692308,0.0159615384615385,-0.961240657752726,4,4
"bscs_fadplus_goto2021",2,202,13,800,800,FALSE,1.1481188508632,-0.896835474603619,-1.87413279388751,5.7398438109319,-0.0192752446976006,-0.135995965896573,-0.103891557819144,0.136920778975328,-0.42805823630611,-0.37943199768414,-0.649925153134742,0.941759596269013,30.7692307692308,0.307692307692308,0.0159615384615385,-0.961240657752726,4,4
"bscs_fadplus_goto2021",3,303,13,800,800,FALSE,1.1481188508632,-0.896835474603619,-1.87413279388751,5.7398438109319,-0.0192752446976006,-0.135995965896573,-0.103891557819144,0.136920778975328,-0.42805823630611,-0.37943199768414,-0.649925153134742,0.941759596269013,30.7692307692308,0.307692307692308,0.0159615384615385,-0.961240657752726,4,4
"chen2022b_psychabuse",1,101,14,405,405,FALSE,1.05909957434316,1.41605835169365,-1.97523288533902,4.94082751779286,1.53705641477542,0.249546456942365,1.41417806016185,0.193930129454012,-0.444222122719191,0.0387669537642865,3.07376595476527,0.931510607914467,78.5714285714286,0.357142857142857,0.0582010582010582,0.547237238182852,11,5
"chen2022b_psychabuse",2,202,14,405,405,FALSE,1.05909957434316,1.41605835169365,-1.97523288533902,4.94082751779286,1.53705641477542,0.249546456942365,1.41417806016185,0.193930129454012,-0.444222122719191,0.0387669537642865,3.07376595476527,0.931510607914467,78.5714285714286,0.357142857142857,0.0582010582010582,0.547237238182852,11,5
"chen2022b_psychabuse",3,303,14,405,405,FALSE,1.05909957434316,1.41605835169365,-1.97523288533902,4.94082751779286,1.53705641477542,0.249546456942365,1.41417806016185,0.193930129454012,-0.444222122719191,0.0387669537642865,3.07376595476527,0.931510607914467,78.5714285714286,0.357142857142857,0.0582010582010582,0.547237238182852,11,5
"chen2022b_socsupport",1,101,12,382,382,FALSE,1.6365002561575,-0.637181851368167,-1.9894462990663,16.0808908847504,0.339485611810965,-0.0489337609243547,-0.322726445264825,0.0439791656927791,-0.396592816626178,0.397518074150196,-0.60757687712403,0.990531550407987,0,0.25,0,-1.31303544386212,0,3
"chen2022b_socsupport",2,202,12,382,382,FALSE,1.6365002561575,-0.637181851368167,-1.9894462990663,16.0808908847504,0.339485611810965,-0.0489337609243547,-0.322726445264825,0.0439791656927791,-0.396592816626178,0.397518074150196,-0.60757687712403,0.990531550407987,0,0.25,0,-1.31303544386212,0,3
"chen2022b_socsupport",3,303,12,382,382,FALSE,1.6365002561575,-0.637181851368167,-1.9894462990663,16.0808908847504,0.339485611810965,-0.0489337609243547,-0.322726445264825,0.0439791656927791,-0.396592816626178,0.397518074150196,-0.60757687712403,0.990531550407987,0,0.25,0,-1.31303544386212,0,3
"christiannationalism_davis2021",1,101,6,1229,1229,FALSE,1.43821686471419,-1.43834232285996,-1.94382143412813,5.95435835210477,-0.0389990687439369,0.610044404019083,-0.0631347078550163,0.236449446621234,-0.434323495074719,-0.768886738075414,-1.01297545842721,0.935418915842189,16.6666666666667,0.333333333333333,0.00989964740981828,-0.769063006442674,1,2
"christiannationalism_davis2021",2,202,6,1229,1229,FALSE,1.43821686471419,-1.43834232285996,-1.94382143412813,5.95435835210477,-0.0389990687439369,0.610044404019083,-0.0631347078550163,0.236449446621234,-0.434323495074719,-0.768886738075414,-1.01297545842721,0.935418915842189,16.6666666666667,0.333333333333333,0.00989964740981828,-0.769063006442674,1,2
"christiannationalism_davis2021",3,303,6,1229,1229,FALSE,1.43821686471419,-1.43834232285996,-1.94382143412813,5.95435835210477,-0.0389990687439369,0.610044404019083,-0.0631347078550163,0.236449446621234,-0.434323495074719,-0.768886738075414,-1.01297545842721,0.935418915842189,16.6666666666667,0.333333333333333,0.00989964740981828,-0.769063006442674,1,2
"consideration_future_consequences",2,202,12,2000,14796,TRUE,1.33938213216065,-1.25299722141371,-1.99999308708255,8.05558569118,-0.412773760356577,0.0325510477814506,-0.206270976380987,0.136628627261614,-0.849165825405099,-0.99851825291654,-0.787163937000051,0.926699281336382,16.6666666666667,0.25,0.016125,-1.59691308384201,2,3
"consideration_future_consequences",3,303,12,2000,14796,TRUE,1.32807330271197,-1.23239670510775,-1.9998219751876,7.899005613321,-0.436344987152569,-0.161544471156687,-0.219976679738324,0.139518334420655,-0.8186277151818,-0.967954952212003,-0.760288930413267,0.927411004602449,41.6666666666667,0.25,0.0416666666666667,-1.49726662296163,5,3
"conspiracy_asd__conspiracy_gcbs",1,101,15,422,422,FALSE,1.37577373159824,-1.21376734191793,-1.95901710861711,14.2820190105691,0.109566228973948,0.406169299582725,0.161901596488696,0.181272141339734,-0.318986648698446,0.124984427136952,-0.99296449560693,0.951212894862182,0,0.133333333333333,0,-1.40155686045519,0,2
"conspiracy_asd__conspiracy_gcbs",2,202,15,422,422,FALSE,1.37577373159824,-1.21376734191793,-1.95901710861711,14.2820190105691,0.109566228973948,0.406169299582725,0.161901596488696,0.181272141339734,-0.318986648698446,0.124984427136952,-0.99296449560693,0.951212894862182,0,0.133333333333333,0,-1.40155686045519,0,2
"conspiracy_asd__conspiracy_gcbs",3,303,15,422,422,FALSE,1.37577373159824,-1.21376734191793,-1.95901710861711,14.2820190105691,0.109566228973948,0.406169299582725,0.161901596488696,0.181272141339734,-0.318986648698446,0.124984427136952,-0.99296449560693,0.951212894862182,0,0.133333333333333,0,-1.40155686045519,0,2
"daiku_2021_dirty_dozen",1,101,12,303,303,FALSE,1.21983532017606,-1.04846445280555,-1.79717230229858,4.46782571072896,0.246997158214832,-0.401780312057058,-0.019146647810017,0.185019755164988,-0.419583304659752,-0.353357531198238,-0.701059607979045,0.929022690002512,50,0.333333333333333,0.0242024202420242,-1.02314116250829,6,4
"daiku_2021_dirty_dozen",2,202,12,303,303,FALSE,1.21983532017606,-1.04846445280555,-1.79717230229858,4.46782571072896,0.246997158214832,-0.401780312057058,-0.019146647810017,0.185019755164988,-0.419583304659752,-0.353357531198238,-0.701059607979045,0.929022690002512,50,0.333333333333333,0.0242024202420242,-1.02314116250829,6,4
"daiku_2021_dirty_dozen",3,303,12,303,303,FALSE,1.21983532017606,-1.04846445280555,-1.79717230229858,4.46782571072896,0.246997158214832,-0.401780312057058,-0.019146647810017,0.185019755164988,-0.419583304659752,-0.353357531198238,-0.701059607979045,0.929022690002512,50,0.333333333333333,0.0242024202420242,-1.02314116250829,6,4
"ders_valencia_2025",1,101,36,341,341,FALSE,1.21943457518109,-0.774293464413035,-1.96248234155647,20.3089476110284,0.224983953997399,-0.788963789638747,0.449939649610588,0.0712174729569592,0.372123979342703,2.27730331492158,-0.678666147568488,0.979498177216694,19.4444444444444,0.166666666666667,0.0116487455197133,-0.741062233892234,7,6
"ders_valencia_2025",2,202,36,341,341,FALSE,1.21943457518109,-0.774293464413035,-1.96248234155647,20.3089476110284,0.224983953997399,-0.788963789638747,0.449939649610588,0.0712174729569592,0.372123979342703,2.27730331492158,-0.678666147568488,0.979498177216694,19.4444444444444,0.166666666666667,0.0116487455197133,-0.741062233892234,7,6
"ders_valencia_2025",3,303,36,341,341,FALSE,1.21943457518109,-0.774293464413035,-1.96248234155647,20.3089476110284,0.224983953997399,-0.788963789638747,0.449939649610588,0.0712174729569592,0.372123979342703,2.27730331492158,-0.678666147568488,0.979498177216694,19.4444444444444,0.166666666666667,0.0116487455197133,-0.741062233892234,7,6
"dmirt_forsberg_2024",1,101,20,1038,1038,FALSE,1.09051651059178,1.40405963107085,-1.1904420108442,5.39034258112294,-0.248784323174224,0.27736568650323,-1.15509138821432,0.138303524613381,-0.404525350141301,0.174207565502842,1.11519899914987,0.9224133088805,75,0.35,0.0298651252408478,-1.83524251367039,15,7
"dmirt_forsberg_2024",2,202,20,1038,1038,FALSE,1.09051651059178,1.40405963107085,-1.1904420108442,5.39034258112294,-0.248784323174224,0.27736568650323,-1.15509138821432,0.138303524613381,-0.404525350141301,0.174207565502842,1.11519899914987,0.9224133088805,75,0.35,0.0298651252408478,-1.83524251367039,15,7
"dmirt_forsberg_2024",3,303,20,1038,1038,FALSE,1.09051651059178,1.40405963107085,-1.1904420108442,5.39034258112294,-0.248784323174224,0.27736568650323,-1.15509138821432,0.138303524613381,-0.404525350141301,0.174207565502842,1.11519899914987,0.9224133088805,75,0.35,0.0298651252408478,-1.83524251367039,15,7
"dong_2024_ccaiq",1,101,13,328,328,FALSE,1.50642050125115,0.264754359397985,-1.69616674347401,7.3786825069597,-0.824422370081515,-0.282589127832267,1.09516553584359,0.419143231689271,-0.533922179258912,-0.875055886160878,7.24439225763125,0.742917976082582,53.8461538461538,0.307692307692308,0.0316604127579737,-0.984700293895854,7,4
"dong_2024_ccaiq",2,202,13,328,328,FALSE,1.50642050125115,0.264754359397985,-1.69616674347401,7.3786825069597,-0.824422370081515,-0.282589127832267,1.09516553584359,0.419143231689271,-0.533922179258912,-0.875055886160878,7.24439225763125,0.742917976082582,53.8461538461538,0.307692307692308,0.0316604127579737,-0.984700293895854,7,4
"dong_2024_ccaiq",3,303,13,328,328,FALSE,1.50642050125115,0.264754359397985,-1.69616674347401,7.3786825069597,-0.824422370081515,-0.282589127832267,1.09516553584359,0.419143231689271,-0.533922179258912,-0.875055886160878,7.24439225763125,0.742917976082582,53.8461538461538,0.307692307692308,0.0316604127579737,-0.984700293895854,7,4
"dong_2024_engagement",1,101,15,322,322,FALSE,1.40751616493005,-0.816996681911741,-1.86248618530659,13.6501084008792,0.045038053432488,0.0574951052828309,-0.186996843501534,0.184845051516281,-0.347279076419232,-0.266149939254099,-0.420391079179404,0.948184384654022,13.3333333333333,0.2,0.019047619047619,-1.40995637633123,2,3
"dong_2024_engagement",2,202,15,322,322,FALSE,1.40751616493005,-0.816996681911741,-1.86248618530659,13.6501084008792,0.045038053432488,0.0574951052828309,-0.186996843501534,0.184845051516281,-0.347279076419232,-0.266149939254099,-0.420391079179404,0.948184384654022,13.3333333333333,0.2,0.019047619047619,-1.40995637633123,2,3
"dong_2024_engagement",3,303,15,322,322,FALSE,1.40751616493005,-0.816996681911741,-1.86248618530659,13.6501084008792,0.045038053432488,0.0574951052828309,-0.186996843501534,0.184845051516281,-0.347279076419232,-0.266149939254099,-0.420391079179404,0.948184384654022,13.3333333333333,0.2,0.019047619047619,-1.40995637633123,2,3
"dopmeijer_2022_performance_pressure",2,202,12,2000,3058,TRUE,1.13685070167396,-0.702755813243475,-1.98820444875628,6.3739656363657,0.147719021738184,0.0108211750129405,-0.281177496428003,0.148527660166949,-0.43336611611068,-0.310324763022692,-0.543585377370502,0.953286896986175,50,0.333333333333333,0.0202083333333333,-1.51537552174705,6,4
"dopmeijer_2022_performance_pressure",3,303,12,2000,3058,TRUE,1.13075192411302,-0.692279018657847,-1.98534911431643,6.35618556080726,-0.152834863476528,-0.151408621637336,-0.276121156465048,0.139716803621502,-0.439265888356807,-0.302337995241286,-0.544593074147052,0.95526939419471,50,0.333333333333333,0.0207083333333333,-1.47242337177717,6,4
"dou2025_area",1,101,12,583,583,FALSE,1.084707292715,-0.500450982446475,-1.97164143424482,6.12260252103793,0.0503314421385779,0.116148733130596,-0.261301820345141,0.251589581269742,-0.54948499311448,-0.682238411290236,-0.338750428228237,0.918715288384771,66.6666666666667,0.25,0.0124356775300172,-1.66370977315326,8,3
"dou2025_area",2,202,12,583,583,FALSE,1.084707292715,-0.500450982446475,-1.97164143424482,6.12260252103793,0.0503314421385779,0.116148733130596,-0.261301820345141,0.251589581269742,-0.54948499311448,-0.682238411290236,-0.338750428228237,0.918715288384771,66.6666666666667,0.25,0.0124356775300172,-1.66370977315326,8,3
"dou2025_area",3,303,12,583,583,FALSE,1.084707292715,-0.500450982446475,-1.97164143424482,6.12260252103793,0.0503314421385779,0.116148733130596,-0.261301820345141,0.251589581269742,-0.54948499311448,-0.682238411290236,-0.338750428228237,0.918715288384771,66.6666666666667,0.25,0.0124356775300172,-1.66370977315326,8,3
"envirisk_lalot_2025",2,202,12,1989,1989,FALSE,1.81311289262301,-0.164225917427612,-1.97856537715953,18.0471365350758,0.245469152978946,-0.177397999278421,-0.123051165782105,0.0333694217817677,-0.940270629448094,-0.954870462046295,-0.521558694281195,0.972903422524818,0,0.25,0,1.45815113055413,0,3
"envirisk_lalot_2025",3,303,12,1989,1989,FALSE,1.81311289262301,-0.164225917427612,-1.97856537715953,18.0471365350758,0.245469152978946,-0.177397999278421,-0.123051165782105,0.0333694217817677,-0.940270629448094,-0.954870462046295,-0.521558694281195,0.972903422524818,0,0.25,0,1.45815113055413,0,3
"feardriving_fisher2021",1,101,25,766,766,FALSE,0.873369100233502,3.73681896939814,-1.55042885424898,7.95225297452072,2.04998532534179,-0.121280406129988,1.96983054151732,0.176932023871409,-0.379167049561602,0.695765702853429,8.15527394975657,0.94086278433331,96,0.2,0.0851697127937337,1.26161013940644,24,5
"feardriving_fisher2021",2,202,25,766,766,FALSE,0.873369100233502,3.73681896939814,-1.55042885424898,7.95225297452072,2.04998532534179,-0.121280406129988,1.96983054151732,0.176932023871409,-0.379167049561602,0.695765702853429,8.15527394975657,0.94086278433331,96,0.2,0.0851697127937337,1.26161013940644,24,5
"feardriving_fisher2021",3,303,25,766,766,FALSE,0.873369100233502,3.73681896939814,-1.55042885424898,7.95225297452072,2.04998532534179,-0.121280406129988,1.96983054151732,0.176932023871409,-0.379167049561602,0.695765702853429,8.15527394975657,0.94086278433331,96,0.2,0.0851697127937337,1.26161013940644,24,5
"fivpei_perrig_2023_imi",1,101,7,1545,1545,FALSE,2.21777643016254,-1.23527458939992,-1.75746320310436,6.32796758789431,-1.1745833838354,-0.487517505378801,-0.536286160822495,0.77005572522167,7.49005676733294,-0.0751688433588589,2.82183177891435,0.5253840573147,85.7142857142857,0.285714285714286,0.0490060101710587,-1.18495280003721,6,2
"fivpei_perrig_2023_imi",2,202,7,1545,1545,FALSE,2.21777643016254,-1.23527458939992,-1.75746320310436,6.32796758789431,-1.1745833838354,-0.487517505378801,-0.536286160822495,0.77005572522167,7.49005676733294,-0.0751688433588589,2.82183177891435,0.5253840573147,85.7142857142857,0.285714285714286,0.0490060101710587,-1.18495280003721,6,2
"fivpei_perrig_2023_imi",3,303,7,1545,1545,FALSE,2.21777643016254,-1.23527458939992,-1.75746320310436,6.32796758789431,-1.1745833838354,-0.487517505378801,-0.536286160822495,0.77005572522167,7.49005676733294,-0.0751688433588589,2.82183177891435,0.5253840573147,85.7142857142857,0.285714285714286,0.0490060101710587,-1.18495280003721,6,2
"friedman_2018_risks_discrimination",1,101,6,2000,3038,TRUE,1.78712367781552,-1.28433135780593,-1.88846985594686,9.3590562512674,-0.255378999491405,-0.0636306081102849,-0.226238897979924,0.098788334232747,-1.1949361911908,-1.18686054794299,-0.963257699800441,0.942289270239554,0,0.333333333333333,0,-1.58731105385696,0,2
"friedman_2018_risks_discrimination",2,202,6,2000,3038,TRUE,1.78661858624608,-1.27282616611847,-1.87132162512795,9.35765140061585,0.25094019499087,0.02790909441622,-0.242124977387756,0.0950736943704994,-1.17000999347475,-1.18666717732631,-0.943575496073942,0.944371864925579,0,0.333333333333333,0,-1.59647039090974,0,2
"friedman_2018_risks_discrimination",3,303,6,2000,3038,TRUE,1.78350090822072,-1.27190535089672,-1.88210540138064,9.40332407527877,-0.28213102610617,-0.0242171495808407,-0.231076511110788,0.10157624734876,-1.19273468019237,-1.17700853880288,-0.951316653855019,0.942275533402801,0,0.333333333333333,0,-1.6019788018101,0,2
"friedman_2018_risks_government",1,101,6,2000,3036,TRUE,1.61440896218753,-1.06549816318706,-1.94625124523092,5.81572140070913,0.138843929847835,0.176501108871862,-0.14630649376817,0.181874042278661,-0.871802422356569,-1.10666622859786,-0.723989533394357,0.909211542896531,0,0.333333333333333,0,-1.47087337117918,0,2
"friedman_2018_risks_government",2,202,6,2000,3036,TRUE,1.59622176753762,-1.04105999211045,-1.9537019045737,5.63073644942453,0.157323400283459,-0.265138700128436,-0.136036400213917,0.176596853730103,-0.888618526401991,-1.09624233195328,-0.708837815616606,0.912155164879051,0,0.333333333333333,0,-1.42826375900892,0,2
"friedman_2018_risks_government",3,303,6,2000,3036,TRUE,1.60713551815473,-1.06337398901463,-1.95543923509688,5.73333658480179,0.174109522612285,0.266062106118499,-0.133471090829171,0.17701001260919,-0.876530218115152,-1.10252697479583,-0.736695183309023,0.910917616850979,0,0.333333333333333,0,-1.45166946928173,0,2
"frikha_2023_pe_ms",1,101,9,308,308,FALSE,1.32618772268084,-0.809777764464215,-1.90588635522389,3.92845378744502,-0.213850182850395,-0.114954562553202,-0.577464340750986,0.434553086990435,0.364526447748162,-1.09304491520322,1.45314986741675,0.777801564072736,55.5555555555556,0.333333333333333,0.0248917748917749,-1.94926695312341,5,3
"frikha_2023_pe_ms",2,202,9,308,308,FALSE,1.32618772268084,-0.809777764464215,-1.90588635522389,3.92845378744502,-0.213850182850395,-0.114954562553202,-0.577464340750986,0.434553086990435,0.364526447748162,-1.09304491520322,1.45314986741675,0.777801564072736,55.5555555555556,0.333333333333333,0.0248917748917749,-1.94926695312341,5,3
"frikha_2023_pe_ms",3,303,9,308,308,FALSE,1.32618772268084,-0.809777764464215,-1.90588635522389,3.92845378744502,-0.213850182850395,-0.114954562553202,-0.577464340750986,0.434553086990435,0.364526447748162,-1.09304491520322,1.45314986741675,0.777801564072736,55.5555555555556,0.333333333333333,0.0248917748917749,-1.94926695312341,5,3
"fukuda_2021_info_reliability",1,101,8,898,898,FALSE,1.02612780220232,-0.294601437573447,-1.7188816021165,2.91306443105629,-0.0458262171449637,0.21875390681209,-0.423883092814398,0.237145145309249,-0.467641995213943,-0.746668172963016,-0.030658102107227,0.902666022898868,50,0.25,0.0583240534521158,1.94851506502675,4,2
"fukuda_2021_info_reliability",2,202,8,898,898,FALSE,1.02612780220232,-0.294601437573447,-1.7188816021165,2.91306443105629,-0.0458262171449637,0.21875390681209,-0.423883092814398,0.237145145309249,-0.467641995213943,-0.746668172963016,-0.030658102107227,0.902666022898868,50,0.25,0.0583240534521158,1.94851506502675,4,2
"fukuda_2021_info_reliability",3,303,8,898,898,FALSE,1.02612780220232,-0.294601437573447,-1.7188816021165,2.91306443105629,-0.0458262171449637,0.21875390681209,-0.423883092814398,0.237145145309249,-0.467641995213943,-0.746668172963016,-0.030658102107227,0.902666022898868,50,0.25,0.0583240534521158,1.94851506502675,4,2
"gillman_2023_pss",1,101,10,396,396,FALSE,1.16607443561828,-0.648590484655189,-1.86224632271166,5.84439055403521,-0.243378580148923,0.629307789682012,-0.303117513455237,0.171779846414938,-0.662200229118254,-0.872883307622095,-0.520692352733742,0.898678763909386,50,0.3,0.0171717171717172,-1.1131857554094,5,3
"gillman_2023_pss",2,202,10,396,396,FALSE,1.16607443561828,-0.648590484655189,-1.86224632271166,5.84439055403521,-0.243378580148923,0.629307789682012,-0.303117513455237,0.171779846414938,-0.662200229118254,-0.872883307622095,-0.520692352733742,0.898678763909386,50,0.3,0.0171717171717172,-1.1131857554094,5,3
"gillman_2023_pss",3,303,10,396,396,FALSE,1.16607443561828,-0.648590484655189,-1.86224632271166,5.84439055403521,-0.243378580148923,0.629307789682012,-0.303117513455237,0.171779846414938,-0.662200229118254,-0.872883307622095,-0.520692352733742,0.898678763909386,50,0.3,0.0171717171717172,-1.1131857554094,5,3
"goksel_2026_embarrassment_puremorality",1,101,8,482,482,FALSE,1.47877000941752,0.0169123796466675,-1.99217234898786,10.5792489244094,0.248168779176958,0.460598131668773,-0.332555406173101,0.105264829625756,-0.661111965594291,-0.56605419274015,0.0841190956267505,0.978942050165316,50,0.25,0.00259336099585062,-0.952018874106119,4,2
"goksel_2026_embarrassment_puremorality",2,202,8,482,482,FALSE,1.47877000941752,0.0169123796466675,-1.99217234898786,10.5792489244094,0.248168779176958,0.460598131668773,-0.332555406173101,0.105264829625756,-0.661111965594291,-0.56605419274015,0.0841190956267505,0.978942050165316,50,0.25,0.00259336099585062,-0.952018874106119,4,2
"goksel_2026_embarrassment_puremorality",3,303,8,482,482,FALSE,1.47877000941752,0.0169123796466675,-1.99217234898786,10.5792489244094,0.248168779176958,0.460598131668773,-0.332555406173101,0.105264829625756,-0.661111965594291,-0.56605419274015,0.0841190956267505,0.978942050165316,50,0.25,0.00259336099585062,-0.952018874106119,4,2
"goksel_2026_embarrassment_resilience",1,101,9,707,707,FALSE,1.00337683909516,-0.442148009890067,-1.99624017110562,5.81193467674276,-0.340197658910048,0.465754332608424,-0.310098951585769,0.012255316465926,-0.568755268823464,0.0684544923835473,-0.422944632224251,0.99520326433327,88.8888888888889,0.111111111111111,0.024045261669024,-1.14720555275543,8,1
"goksel_2026_embarrassment_resilience",2,202,9,707,707,FALSE,1.00337683909516,-0.442148009890067,-1.99624017110562,5.81193467674276,-0.340197658910048,0.465754332608424,-0.310098951585769,0.012255316465926,-0.568755268823464,0.0684544923835473,-0.422944632224251,0.99520326433327,88.8888888888889,0.111111111111111,0.024045261669024,-1.14720555275543,8,1
"goksel_2026_embarrassment_resilience",3,303,9,707,707,FALSE,1.00337683909516,-0.442148009890067,-1.99624017110562,5.81193467674276,-0.340197658910048,0.465754332608424,-0.310098951585769,0.012255316465926,-0.568755268823464,0.0684544923835473,-0.422944632224251,0.99520326433327,88.8888888888889,0.111111111111111,0.024045261669024,-1.14720555275543,8,1
"grit_brummerhoffman_2021",1,101,8,1797,1797,FALSE,1.26809991128999,-0.967420772148873,-1.98267153480511,5.08210182852696,-0.0360244740905873,-0.273091411320394,-0.25577434139933,0.118469111951822,-0.73835453238629,-0.82398140168494,-0.744705943365759,0.957803539825744,0,0.25,0,-1.93296181389304,0,2
"grit_brummerhoffman_2021",2,202,8,1797,1797,FALSE,1.26809991128999,-0.967420772148873,-1.98267153480511,5.08210182852696,-0.0360244740905873,-0.273091411320394,-0.25577434139933,0.118469111951822,-0.73835453238629,-0.82398140168494,-0.744705943365759,0.957803539825744,0,0.25,0,-1.93296181389304,0,2
"grit_brummerhoffman_2021",3,303,8,1797,1797,FALSE,1.26809991128999,-0.967420772148873,-1.98267153480511,5.08210182852696,-0.0360244740905873,-0.273091411320394,-0.25577434139933,0.118469111951822,-0.73835453238629,-0.82398140168494,-0.744705943365759,0.957803539825744,0,0.25,0,-1.93296181389304,0,2
"hao_2025_self_efficacy",1,101,6,620,620,FALSE,0.993434020813347,-0.408330172228191,-1.85116142899464,3.09891391833215,0.0163722834279114,0.0426889046249359,-0.105237350763457,0.222707824557133,-0.555247129164042,-0.897700462856476,-0.27205940948466,0.94453221015878,100,0.166666666666667,0.0276881720430108,-1.0281397589986,6,1
"hao_2025_self_efficacy",2,202,6,620,620,FALSE,0.993434020813347,-0.408330172228191,-1.85116142899464,3.09891391833215,0.0163722834279114,0.0426889046249359,-0.105237350763457,0.222707824557133,-0.555247129164042,-0.897700462856476,-0.27205940948466,0.94453221015878,100,0.166666666666667,0.0276881720430108,-1.0281397589986,6,1
"hao_2025_self_efficacy",3,303,6,620,620,FALSE,0.993434020813347,-0.408330172228191,-1.85116142899464,3.09891391833215,0.0163722834279114,0.0426889046249359,-0.105237350763457,0.222707824557133,-0.555247129164042,-0.897700462856476,-0.27205940948466,0.94453221015878,100,0.166666666666667,0.0276881720430108,-1.0281397589986,6,1
"heard_roch_2022_idss",1,101,12,574,574,FALSE,1.01419198979378,0.40427152464212,-1.85493422604729,4.5832221806699,0.811397233956424,-0.45536081622429,0.978263189184091,0.172709314926971,-0.473212850866082,0.00771538615741951,2.24045581979465,0.925437383279661,58.3333333333333,0.333333333333333,0.0264227642276423,0.747473332002359,7,4
"heard_roch_2022_idss",2,202,12,574,574,FALSE,1.01419198979378,0.40427152464212,-1.85493422604729,4.5832221806699,0.811397233956424,-0.45536081622429,0.978263189184091,0.172709314926971,-0.473212850866082,0.00771538615741951,2.24045581979465,0.925437383279661,58.3333333333333,0.333333333333333,0.0264227642276423,0.747473332002359,7,4
"heard_roch_2022_idss",3,303,12,574,574,FALSE,1.01419198979378,0.40427152464212,-1.85493422604729,4.5832221806699,0.811397233956424,-0.45536081622429,0.978263189184091,0.172709314926971,-0.473212850866082,0.00771538615741951,2.24045581979465,0.925437383279661,58.3333333333333,0.333333333333333,0.0264227642276423,0.747473332002359,7,4
"heard_roch_2022_whodas",1,101,12,539,539,FALSE,0.853756861018771,1.76693507435986,-1.92454315040721,2.53750002296284,1.27176355205522,-0.116537486426414,1.40145771864788,0.133818952646888,-0.617003727212886,-0.113330943665405,2.90012045671131,0.933570848574595,91.6666666666667,0.333333333333333,0.0695732838589982,2.47925875433695,11,4
"heard_roch_2022_whodas",2,202,12,539,539,FALSE,0.853756861018771,1.76693507435986,-1.92454315040721,2.53750002296284,1.27176355205522,-0.116537486426414,1.40145771864788,0.133818952646888,-0.617003727212886,-0.113330943665405,2.90012045671131,0.933570848574595,91.6666666666667,0.333333333333333,0.0695732838589982,2.47925875433695,11,4
"heard_roch_2022_whodas",3,303,12,539,539,FALSE,0.853756861018771,1.76693507435986,-1.92454315040721,2.53750002296284,1.27176355205522,-0.116537486426414,1.40145771864788,0.133818952646888,-0.617003727212886,-0.113330943665405,2.90012045671131,0.933570848574595,91.6666666666667,0.333333333333333,0.0695732838589982,2.47925875433695,11,4
"herrera_2018_se_d_items",1,101,8,405,405,FALSE,1.6541306413463,-0.741363535419441,-1.86921470666244,8.92566658577094,0.333360074415468,0.129560386458095,-0.459636632181365,0.197172350762374,-0.627810033644956,-0.905686227501759,-0.55007706180606,0.933643372209977,25,0.25,0.0225308641975309,-1.03276995403882,2,2
"herrera_2018_se_d_items",2,202,8,405,405,FALSE,1.6541306413463,-0.741363535419441,-1.86921470666244,8.92566658577094,0.333360074415468,0.129560386458095,-0.459636632181365,0.197172350762374,-0.627810033644956,-0.905686227501759,-0.55007706180606,0.933643372209977,25,0.25,0.0225308641975309,-1.03276995403882,2,2
"herrera_2018_se_d_items",3,303,8,405,405,FALSE,1.6541306413463,-0.741363535419441,-1.86921470666244,8.92566658577094,0.333360074415468,0.129560386458095,-0.459636632181365,0.197172350762374,-0.627810033644956,-0.905686227501759,-0.55007706180606,0.933643372209977,25,0.25,0.0225308641975309,-1.03276995403882,2,2
"imos_1994",1,101,6,363,363,FALSE,2.90981246532295,-1.62666524420297,-1.87544859261168,19.0288793546908,0.217859055900171,-0.14672190410349,0.276023555469978,0.177807621857518,-0.72785223927312,-0.714095294584591,-1.13455216315469,0.939134914859789,16.6666666666667,0.5,0.0316804407713499,0.426280115584503,1,3
"imos_1994",2,202,6,363,363,FALSE,2.90981246532295,-1.62666524420297,-1.87544859261168,19.0288793546908,0.217859055900171,-0.14672190410349,0.276023555469978,0.177807621857518,-0.72785223927312,-0.714095294584591,-1.13455216315469,0.939134914859789,16.6666666666667,0.5,0.0316804407713499,0.426280115584503,1,3
"imos_1994",3,303,6,363,363,FALSE,2.90981246532295,-1.62666524420297,-1.87544859261168,19.0288793546908,0.217859055900171,-0.14672190410349,0.276023555469978,0.177807621857518,-0.72785223927312,-0.714095294584591,-1.13455216315469,0.939134914859789,16.6666666666667,0.5,0.0316804407713499,0.426280115584503,1,3
"imos_1997",1,101,6,441,441,FALSE,2.87852701098053,-1.43911060865415,-1.9236560846945,20.5567213146769,0.275368270997911,-0.0293841305665128,0.503464794266456,0.257804364196118,-0.61396513387321,-0.902543727999437,-0.40514512766442,0.897399237018765,16.6666666666667,0.333333333333333,0.0238095238095238,-1.19759363402459,1,2
"imos_1997",2,202,6,441,441,FALSE,2.87852701098053,-1.43911060865415,-1.9236560846945,20.5567213146769,0.275368270997911,-0.0293841305665128,0.503464794266456,0.257804364196118,-0.61396513387321,-0.902543727999437,-0.40514512766442,0.897399237018765,16.6666666666667,0.333333333333333,0.0238095238095238,-1.19759363402459,1,2
"imos_1997",3,303,6,441,441,FALSE,2.87852701098053,-1.43911060865415,-1.9236560846945,20.5567213146769,0.275368270997911,-0.0293841305665128,0.503464794266456,0.257804364196118,-0.61396513387321,-0.902543727999437,-0.40514512766442,0.897399237018765,16.6666666666667,0.333333333333333,0.0238095238095238,-1.19759363402459,1,2
"imos_2001",1,101,6,441,441,FALSE,2.73339258088216,-0.845977191992163,-1.39777217392935,17.5275082780977,-0.402222286303303,0.0198531047821592,0.89240950897472,0.293829263068692,-0.688408281303238,-1.0216433113965,1.38028355316956,0.874896890978671,50,0.333333333333333,0.0752078609221466,-0.876907140616217,3,2
"imos_2001",2,202,6,441,441,FALSE,2.73339258088216,-0.845977191992163,-1.39777217392935,17.5275082780977,-0.402222286303303,0.0198531047821592,0.89240950897472,0.293829263068692,-0.688408281303238,-1.0216433113965,1.38028355316956,0.874896890978671,50,0.333333333333333,0.0752078609221466,-0.876907140616217,3,2
"imos_2001",3,303,6,441,441,FALSE,2.73339258088216,-0.845977191992163,-1.39777217392935,17.5275082780977,-0.402222286303303,0.0198531047821592,0.89240950897472,0.293829263068692,-0.688408281303238,-1.0216433113965,1.38028355316956,0.874896890978671,50,0.333333333333333,0.0752078609221466,-0.876907140616217,3,2
"imos_2003",1,101,6,442,442,FALSE,2.83808660875461,-0.910208011204872,-1.31636667817599,15.1077366549787,0.356714472131163,-0.160037390818218,0.914154856805909,0.420884592877584,-0.544408188115379,-1.2262998750842,3.93342255369977,0.805552007271929,66.6666666666667,0.333333333333333,0.102187028657617,0.233367754821419,4,2
"imos_2003",2,202,6,442,442,FALSE,2.83808660875461,-0.910208011204872,-1.31636667817599,15.1077366549787,0.356714472131163,-0.160037390818218,0.914154856805909,0.420884592877584,-0.544408188115379,-1.2262998750842,3.93342255369977,0.805552007271929,66.6666666666667,0.333333333333333,0.102187028657617,0.233367754821419,4,2
"imos_2003",3,303,6,442,442,FALSE,2.83808660875461,-0.910208011204872,-1.31636667817599,15.1077366549787,0.356714472131163,-0.160037390818218,0.914154856805909,0.420884592877584,-0.544408188115379,-1.2262998750842,3.93342255369977,0.805552007271929,66.6666666666667,0.333333333333333,0.102187028657617,0.233367754821419,4,2
"imos_2007",1,101,6,505,505,FALSE,2.96251444252625,-1.25361767359818,-1.60244242005264,15.7115785250323,0.476071446472825,0.276625234370623,0.747156208833804,0.552741069437292,0.697905774869333,-1.41710365990252,14.2282894112023,0.691457929178038,66.6666666666667,0.333333333333333,0.104620462046205,0.638825003349917,4,2
"imos_2007",2,202,6,505,505,FALSE,2.96251444252625,-1.25361767359818,-1.60244242005264,15.7115785250323,0.476071446472825,0.276625234370623,0.747156208833804,0.552741069437292,0.697905774869333,-1.41710365990252,14.2282894112023,0.691457929178038,66.6666666666667,0.333333333333333,0.104620462046205,0.638825003349917,4,2
"imos_2007",3,303,6,505,505,FALSE,2.96251444252625,-1.25361767359818,-1.60244242005264,15.7115785250323,0.476071446472825,0.276625234370623,0.747156208833804,0.552741069437292,0.697905774869333,-1.41710365990252,14.2282894112023,0.691457929178038,66.6666666666667,0.333333333333333,0.104620462046205,0.638825003349917,4,2
"imos_2012",1,101,6,527,527,FALSE,2.97610678179621,-1.33727236351972,-1.75826803344807,15.1422743147565,0.430761940585315,0.141165190641493,0.662130956993318,0.59051090612163,1.00943658067656,-1.41449592677433,4.97597541477534,0.717417240016581,50,0.5,0.084123972169513,-0.518670534351281,3,3
"imos_2012",2,202,6,527,527,FALSE,2.97610678179621,-1.33727236351972,-1.75826803344807,15.1422743147565,0.430761940585315,0.141165190641493,0.662130956993318,0.59051090612163,1.00943658067656,-1.41449592677433,4.97597541477534,0.717417240016581,50,0.5,0.084123972169513,-0.518670534351281,3,3
"imos_2012",3,303,6,527,527,FALSE,2.97610678179621,-1.33727236351972,-1.75826803344807,15.1422743147565,0.430761940585315,0.141165190641493,0.662130956993318,0.59051090612163,1.00943658067656,-1.41449592677433,4.97597541477534,0.717417240016581,50,0.5,0.084123972169513,-0.518670534351281,3,3
"imos_2015",1,101,6,551,551,FALSE,2.77598288878641,-0.901838932965051,-1.42374782544425,12.8053461307855,-0.231524336837727,0.0534825103815292,0.894654147292968,0.556752959105093,0.349101048174428,-1.34963168029824,4.70599828773572,0.726676788007072,66.6666666666667,0.333333333333333,0.0535390199637024,-0.650716154735527,4,2
"imos_2015",2,202,6,551,551,FALSE,2.77598288878641,-0.901838932965051,-1.42374782544425,12.8053461307855,-0.231524336837727,0.0534825103815292,0.894654147292968,0.556752959105093,0.349101048174428,-1.34963168029824,4.70599828773572,0.726676788007072,66.6666666666667,0.333333333333333,0.0535390199637024,-0.650716154735527,4,2
"imos_2015",3,303,6,551,551,FALSE,2.77598288878641,-0.901838932965051,-1.42374782544425,12.8053461307855,-0.231524336837727,0.0534825103815292,0.894654147292968,0.556752959105093,0.349101048174428,-1.34963168029824,4.70599828773572,0.726676788007072,66.6666666666667,0.333333333333333,0.0535390199637024,-0.650716154735527,4,2
"jordan_2020_mindfulness",1,101,12,521,521,FALSE,1.04795658303745,-0.559457356548649,-1.35277862387591,3.87069568151894,0.118924776361336,0.179520113525156,-0.0616824146667327,0.0928051120788344,-0.644807945735974,-0.56792908922872,-0.469167518658878,0.953098757198442,66.6666666666667,0.333333333333333,0.0203134996801024,-0.556437153249126,8,4
"jordan_2020_mindfulness",2,202,12,521,521,FALSE,1.04795658303745,-0.559457356548649,-1.35277862387591,3.87069568151894,0.118924776361336,0.179520113525156,-0.0616824146667327,0.0928051120788344,-0.644807945735974,-0.56792908922872,-0.469167518658878,0.953098757198442,66.6666666666667,0.333333333333333,0.0203134996801024,-0.556437153249126,8,4
"jordan_2020_mindfulness",3,303,12,521,521,FALSE,1.04795658303745,-0.559457356548649,-1.35277862387591,3.87069568151894,0.118924776361336,0.179520113525156,-0.0616824146667327,0.0928051120788344,-0.644807945735974,-0.56792908922872,-0.469167518658878,0.953098757198442,66.6666666666667,0.333333333333333,0.0203134996801024,-0.556437153249126,8,4
"kalichman1995_scs",1,101,10,2000,3074,TRUE,1.10441515139975,-1.28366855198273,-1.90499741788235,5.45568768696727,0.168350845491306,-0.0619272807086732,0.221464470103737,0.136737309619518,-0.515882975399627,-0.351683808486886,-1.0945973810124,0.962032627782357,0,0.3,0,-1.99787238629144,0,3
"kalichman1995_scs",2,202,10,2000,3074,TRUE,1.10582671343028,-1.28785299382904,-1.90690371065599,5.39868214081472,0.159858084082973,-0.0758685658554412,0.220155383106004,0.143708849655417,-0.494299508999163,-0.330462398497352,-1.09278496441534,0.959936537921152,0,0.3,0,-1.99781117705082,0,3
"karajko2025_ai_benefit",1,101,10,367,367,FALSE,1.2683942549244,-0.920117317926492,-1.97680048676472,8.55884623488567,0.515952511294023,-0.0534901188456309,0.406779913216045,0.134401035626052,-0.448286879988398,-0.0824079196741554,-0.711814418883444,0.969434391819762,30,0.1,0.0226158038147139,-1.07959938301414,3,1
"karajko2025_ai_benefit",2,202,10,367,367,FALSE,1.2683942549244,-0.920117317926492,-1.97680048676472,8.55884623488567,0.515952511294023,-0.0534901188456309,0.406779913216045,0.134401035626052,-0.448286879988398,-0.0824079196741554,-0.711814418883444,0.969434391819762,30,0.1,0.0226158038147139,-1.07959938301414,3,1
"karajko2025_ai_benefit",3,303,10,367,367,FALSE,1.2683942549244,-0.920117317926492,-1.97680048676472,8.55884623488567,0.515952511294023,-0.0534901188456309,0.406779913216045,0.134401035626052,-0.448286879988398,-0.0824079196741554,-0.711814418883444,0.969434391819762,30,0.1,0.0226158038147139,-1.07959938301414,3,1
"karajko2025_ai_governance",1,101,6,309,309,FALSE,1.04798602125863,0.184207339301668,-1.26318755681528,2.71949240448773,-0.684536645762702,-0.233058899507197,-0.851031911812846,0.182302015024827,-0.881049104795669,-0.929402504405714,0.389971959034968,0.94050153398342,66.6666666666667,0.333333333333333,0.0312837108953614,-1.99580228747641,4,2
"karajko2025_ai_governance",2,202,6,309,309,FALSE,1.04798602125863,0.184207339301668,-1.26318755681528,2.71949240448773,-0.684536645762702,-0.233058899507197,-0.851031911812846,0.182302015024827,-0.881049104795669,-0.929402504405714,0.389971959034968,0.94050153398342,66.6666666666667,0.333333333333333,0.0312837108953614,-1.99580228747641,4,2
"karajko2025_ai_governance",3,303,6,309,309,FALSE,1.04798602125863,0.184207339301668,-1.26318755681528,2.71949240448773,-0.684536645762702,-0.233058899507197,-0.851031911812846,0.182302015024827,-0.881049104795669,-0.929402504405714,0.389971959034968,0.94050153398342,66.6666666666667,0.333333333333333,0.0312837108953614,-1.99580228747641,4,2
"lessr_mach4",1,101,20,351,351,FALSE,1.67021631247623,-1.25033495685599,-1.98348933944643,6.89822560717271,0.0330704955513408,-0.275158771157669,0.0906434245166468,0.300812099770111,0.0805650942401974,0.610767981350836,-0.310992106806562,0.844727632637806,15,0.45,0.0175213675213675,-1.33190289497454,3,9
"lessr_mach4",2,202,20,351,351,FALSE,1.67021631247623,-1.25033495685599,-1.98348933944643,6.89822560717271,0.0330704955513408,-0.275158771157669,0.0906434245166468,0.300812099770111,0.0805650942401974,0.610767981350836,-0.310992106806562,0.844727632637806,15,0.45,0.0175213675213675,-1.33190289497454,3,9
"lessr_mach4",3,303,20,351,351,FALSE,1.67021631247623,-1.25033495685599,-1.98348933944643,6.89822560717271,0.0330704955513408,-0.275158771157669,0.0906434245166468,0.300812099770111,0.0805650942401974,0.610767981350836,-0.310992106806562,0.844727632637806,15,0.45,0.0175213675213675,-1.33190289497454,3,9
"liu_2025_learning_motivation",1,101,16,311,311,FALSE,0.969314042774252,0.386541732969577,-0.527184418585403,3.2847980691695,0.0119199865481758,0.0179202591428551,-0.904415210866332,0.32256590332167,-0.417478970669634,-0.468019484666877,0.759445488538255,0.849971297640273,93.75,0.3125,0.0526527331189711,-1.69495043070699,15,5
"liu_2025_learning_motivation",2,202,16,311,311,FALSE,0.969314042774252,0.386541732969577,-0.527184418585403,3.2847980691695,0.0119199865481758,0.0179202591428551,-0.904415210866332,0.32256590332167,-0.417478970669634,-0.468019484666877,0.759445488538255,0.849971297640273,93.75,0.3125,0.0526527331189711,-1.69495043070699,15,5
"liu_2025_learning_motivation",3,303,16,311,311,FALSE,0.969314042774252,0.386541732969577,-0.527184418585403,3.2847980691695,0.0119199865481758,0.0179202591428551,-0.904415210866332,0.32256590332167,-0.417478970669634,-0.468019484666877,0.759445488538255,0.849971297640273,93.75,0.3125,0.0526527331189711,-1.69495043070699,15,5
"lorenz_2016_optimism2",1,101,10,321,321,FALSE,1.15004106684525,-0.149355122475702,-1.9762279140206,3.13970295559512,-0.432617264658299,-0.143274971385367,-0.496218590561087,0.223906344407108,-0.441303484944746,-0.618247469063902,0.22059838008504,0.905919471438963,70,0.4,0.0339563862928349,-1.11735015916066,7,4
"lorenz_2016_optimism2",2,202,10,321,321,FALSE,1.15004106684525,-0.149355122475702,-1.9762279140206,3.13970295559512,-0.432617264658299,-0.143274971385367,-0.496218590561087,0.223906344407108,-0.441303484944746,-0.618247469063902,0.22059838008504,0.905919471438963,70,0.4,0.0339563862928349,-1.11735015916066,7,4
"lorenz_2016_optimism2",3,303,10,321,321,FALSE,1.15004106684525,-0.149355122475702,-1.9762279140206,3.13970295559512,-0.432617264658299,-0.143274971385367,-0.496218590561087,0.223906344407108,-0.441303484944746,-0.618247469063902,0.22059838008504,0.905919471438963,70,0.4,0.0339563862928349,-1.11735015916066,7,4
"mental_health_wang_2024_phq",1,101,9,717,717,FALSE,0.849045577718053,0.232113489930823,-1.89597761851119,2.82451703655627,0.959641989336174,-0.174944919486014,0.910915805181382,0.177853756568684,-0.492036425042754,-0.260016133536198,0.953381354084789,0.942939375186752,77.7777777777778,0.333333333333333,0.0564078723074539,0.679712075226571,7,3
"mental_health_wang_2024_phq",2,202,9,717,717,FALSE,0.849045577718053,0.232113489930823,-1.89597761851119,2.82451703655627,0.959641989336174,-0.174944919486014,0.910915805181382,0.177853756568684,-0.492036425042754,-0.260016133536198,0.953381354084789,0.942939375186752,77.7777777777778,0.333333333333333,0.0564078723074539,0.679712075226571,7,3
"mental_health_wang_2024_phq",3,303,9,717,717,FALSE,0.849045577718053,0.232113489930823,-1.89597761851119,2.82451703655627,0.959641989336174,-0.174944919486014,0.910915805181382,0.177853756568684,-0.492036425042754,-0.260016133536198,0.953381354084789,0.942939375186752,77.7777777777778,0.333333333333333,0.0564078723074539,0.679712075226571,7,3
"merlo2025_eet",2,202,29,1052,1052,FALSE,1.07452160757624,1.74252056499901,-1.78430536399251,6.59736329408234,1.57967423166863,0.389788078811262,1.50270890080784,0.345673786972175,-0.0409852972852804,0.472252651399032,8.14608916615592,0.841099201147481,79.3103448275862,0.344827586206897,0.0815851579913465,1.11121741417059,23,10
"merlo2025_eng_cognitive",1,101,12,1024,1024,FALSE,1.70571121969512,-0.707520723883041,-1.99932337490622,16.3610410972453,-0.283859511782279,-0.221033588654085,-0.316643406650878,0.0899415587708747,-0.465823213449422,-0.156535916166856,-0.593047775252198,0.974806063925948,0,0.25,0,-1.29965501977699,0,3
"merlo2025_eng_cognitive",2,202,12,1024,1024,FALSE,1.70571121969512,-0.707520723883041,-1.99932337490622,16.3610410972453,-0.283859511782279,-0.221033588654085,-0.316643406650878,0.0899415587708747,-0.465823213449422,-0.156535916166856,-0.593047775252198,0.974806063925948,0,0.25,0,-1.29965501977699,0,3
"merlo2025_eng_cognitive",3,303,12,1024,1024,FALSE,1.70571121969512,-0.707520723883041,-1.99932337490622,16.3610410972453,-0.283859511782279,-0.221033588654085,-0.316643406650878,0.0899415587708747,-0.465823213449422,-0.156535916166856,-0.593047775252198,0.974806063925948,0,0.25,0,-1.29965501977699,0,3
"moral_absolutism_goyal_2025_mr",1,101,9,2000,2154,TRUE,2.95404261120681,-1.17673524423378,-1.98831754348358,42.8354272204704,-0.487488830702507,0.0428981090399199,-0.344279946051562,0.0227445587579873,-0.650624791607591,-0.284523454765873,-1.13662453923666,0.994231756648193,0,0.222222222222222,0,-1.34575759953775,0,2
"moral_absolutism_goyal_2025_mr",2,202,9,2000,2154,TRUE,2.94994217868603,-1.17724685532816,-1.98767884930309,42.8143965427608,-0.481505927776504,-0.0136166616292025,-0.344366440544261,0.0224109336430592,-0.657102887930379,-0.291520964432958,-1.13889881153403,0.994542221280635,0,0.222222222222222,0,-1.33954853300976,0,2
"moral_absolutism_goyal_2025_mr",3,303,9,2000,2154,TRUE,2.95378146307949,-1.17387860394171,-1.98635043758576,42.7869018046854,-0.507753684823264,0.0402726567071892,-0.351109097166268,0.0242492486458681,-0.651151921842565,-0.2866586378703,-1.13276004347559,0.994012047545956,0,0.222222222222222,0,-1.33733498369184,0,2
"movac_pakpour2022",2,202,12,2000,5351,TRUE,1.6675970013402,0.0693866862179999,-1.99956953063835,11.3029360002443,-0.985209751018237,0.355198849845561,-0.852743446505171,0.110429206868434,-0.615108759253623,-0.633719624304713,0.397465549497631,0.954980344318144,50,0.333333333333333,0.0172083333333333,-2.00016811548824,6,4
"movac_pakpour2022",3,303,12,2000,5351,TRUE,1.63799033333871,0.129467573439217,-1.99947484529684,10.8737943896609,-0.996324860668634,0.403597248312382,-0.869539246700331,0.121876249992059,-0.580755534721467,-0.602472843330019,0.482703518337006,0.949709106152261,50,0.333333333333333,0.0147916666666667,-1.99990433826673,6,4
"mpsycho_rogers_depression",1,101,16,494,494,FALSE,1.03550259681068,-0.839444135487499,-1.92616585791702,3.9632621590088,0.202716434120316,0.186682422978603,0.650031772481109,0.173509132737525,-0.342563659661838,0.405105201893182,-0.115025339303291,0.922385026865467,43.75,0.375,0.0423836032388664,-1.15954305896404,7,6
"mpsycho_rogers_depression",2,202,16,494,494,FALSE,1.03550259681068,-0.839444135487499,-1.92616585791702,3.9632621590088,0.202716434120316,0.186682422978603,0.650031772481109,0.173509132737525,-0.342563659661838,0.405105201893182,-0.115025339303291,0.922385026865467,43.75,0.375,0.0423836032388664,-1.15954305896404,7,6
"mpsycho_rogers_depression",3,303,16,494,494,FALSE,1.03550259681068,-0.839444135487499,-1.92616585791702,3.9632621590088,0.202716434120316,0.186682422978603,0.650031772481109,0.173509132737525,-0.342563659661838,0.405105201893182,-0.115025339303291,0.922385026865467,43.75,0.375,0.0423836032388664,-1.15954305896404,7,6
"namprb_siwiak_2024_gcbs",1,101,15,391,391,FALSE,1.2854093705693,-1.10908186405186,-1.94305890647658,9.20673771609236,0.174644331034976,-0.0980966557616158,0.381956069941342,0.282228172498976,-0.231610020715523,-0.0709247799614072,-0.565928355510346,0.902494215931901,13.3333333333333,0.266666666666667,0.00971867007672634,-0.856906164326712,2,4
"namprb_siwiak_2024_gcbs",2,202,15,391,391,FALSE,1.2854093705693,-1.10908186405186,-1.94305890647658,9.20673771609236,0.174644331034976,-0.0980966557616158,0.381956069941342,0.282228172498976,-0.231610020715523,-0.0709247799614072,-0.565928355510346,0.902494215931901,13.3333333333333,0.266666666666667,0.00971867007672634,-0.856906164326712,2,4
"namprb_siwiak_2024_gcbs",3,303,15,391,391,FALSE,1.2854093705693,-1.10908186405186,-1.94305890647658,9.20673771609236,0.174644331034976,-0.0980966557616158,0.381956069941342,0.282228172498976,-0.231610020715523,-0.0709247799614072,-0.565928355510346,0.902494215931901,13.3333333333333,0.266666666666667,0.00971867007672634,-0.856906164326712,2,4
"nas_rogoza_2024_study2_ngs",1,101,13,321,321,FALSE,1.6436522142162,-0.409584147542518,-1.93315743084924,19.3321773088362,0.824895757126134,0.462399557563931,0.779091516192674,0.0887887018488017,-0.399203176092741,0.315115561477708,-0.189947999207117,0.980980320046845,15.3846153846154,0.230769230769231,0.0117421519290678,-0.389211091641899,2,3
"nas_rogoza_2024_study2_ngs",2,202,13,321,321,FALSE,1.6436522142162,-0.409584147542518,-1.93315743084924,19.3321773088362,0.824895757126134,0.462399557563931,0.779091516192674,0.0887887018488017,-0.399203176092741,0.315115561477708,-0.189947999207117,0.980980320046845,15.3846153846154,0.230769230769231,0.0117421519290678,-0.389211091641899,2,3
"nas_rogoza_2024_study2_ngs",3,303,13,321,321,FALSE,1.6436522142162,-0.409584147542518,-1.93315743084924,19.3321773088362,0.824895757126134,0.462399557563931,0.779091516192674,0.0887887018488017,-0.399203176092741,0.315115561477708,-0.189947999207117,0.980980320046845,15.3846153846154,0.230769230769231,0.0117421519290678,-0.389211091641899,2,3
"niazi_2020_mfq",1,101,32,300,300,FALSE,1.47451024756964,-0.0547431679452712,-1.82064916098056,7.54904329740383,-0.956112471117644,-0.602725323372607,-0.922340552710776,0.305939739682389,0.141630608645848,2.29717246382515,0.741408513537807,0.841378106241665,31.25,0.40625,0.0282291666666667,-1.95174950429791,10,13
"niazi_2020_mfq",2,202,32,300,300,FALSE,1.47451024756964,-0.0547431679452712,-1.82064916098056,7.54904329740383,-0.956112471117644,-0.602725323372607,-0.922340552710776,0.305939739682389,0.141630608645848,2.29717246382515,0.741408513537807,0.841378106241665,31.25,0.40625,0.0282291666666667,-1.95174950429791,10,13
"niazi_2020_mfq",3,303,32,300,300,FALSE,1.47451024756964,-0.0547431679452712,-1.82064916098056,7.54904329740383,-0.956112471117644,-0.602725323372607,-0.922340552710776,0.305939739682389,0.141630608645848,2.29717246382515,0.741408513537807,0.841378106241665,31.25,0.40625,0.0282291666666667,-1.95174950429791,10,13
"odachi_2022_fear_covid19",1,101,7,408,408,FALSE,1.43406345456855,-1.3683554123957,-1.94594509055431,3.83015580891935,-0.0119684324438541,0.117556094750517,0.0623631947275539,0.653924573568908,2.98752375887131,-1.09875550542295,-0.00510626988355416,0.72265364776873,57.1428571428571,0.285714285714286,0.0381652661064426,-1.29703216388766,4,2
"odachi_2022_fear_covid19",2,202,7,408,408,FALSE,1.43406345456855,-1.3683554123957,-1.94594509055431,3.83015580891935,-0.0119684324438541,0.117556094750517,0.0623631947275539,0.653924573568908,2.98752375887131,-1.09875550542295,-0.00510626988355416,0.72265364776873,57.1428571428571,0.285714285714286,0.0381652661064426,-1.29703216388766,4,2
"odachi_2022_fear_covid19",3,303,7,408,408,FALSE,1.43406345456855,-1.3683554123957,-1.94594509055431,3.83015580891935,-0.0119684324438541,0.117556094750517,0.0623631947275539,0.653924573568908,2.98752375887131,-1.09875550542295,-0.00510626988355416,0.72265364776873,57.1428571428571,0.285714285714286,0.0381652661064426,-1.29703216388766,4,2
"ozkurt_2026_continuance_intention",1,101,6,346,346,FALSE,1.87335417316495,-0.275691484048789,-1.89607784110021,8.51257543766041,0.476767681232349,-0.41089103294537,-0.928319562391703,0.123061341214549,-1.14536970713909,-1.16548921047189,0.106039317928328,0.946611350735729,33.3333333333333,0.333333333333333,0.0221579961464355,-1.37311972833109,2,2
"ozkurt_2026_continuance_intention",2,202,6,346,346,FALSE,1.87335417316495,-0.275691484048789,-1.89607784110021,8.51257543766041,0.476767681232349,-0.41089103294537,-0.928319562391703,0.123061341214549,-1.14536970713909,-1.16548921047189,0.106039317928328,0.946611350735729,33.3333333333333,0.333333333333333,0.0221579961464355,-1.37311972833109,2,2
"ozkurt_2026_continuance_intention",3,303,6,346,346,FALSE,1.87335417316495,-0.275691484048789,-1.89607784110021,8.51257543766041,0.476767681232349,-0.41089103294537,-0.928319562391703,0.123061341214549,-1.14536970713909,-1.16548921047189,0.106039317928328,0.946611350735729,33.3333333333333,0.333333333333333,0.0221579961464355,-1.37311972833109,2,2
"ozkurt_2026_paces_enjoyment",1,101,8,202,202,FALSE,1.3834801532353,0.747846796936062,-1.84655270485773,8.03383036061984,-0.745107153285956,0.538228454018699,-1.0298161376875,0.0349482441164347,-0.526625376188583,-0.0111260677941334,0.706693974366447,0.990555738475847,87.5,0.375,0.0117574257425743,-1.72402617491294,7,3
"ozkurt_2026_paces_enjoyment",2,202,8,202,202,FALSE,1.3834801532353,0.747846796936062,-1.84655270485773,8.03383036061984,-0.745107153285956,0.538228454018699,-1.0298161376875,0.0349482441164347,-0.526625376188583,-0.0111260677941334,0.706693974366447,0.990555738475847,87.5,0.375,0.0117574257425743,-1.72402617491294,7,3
"ozkurt_2026_paces_enjoyment",3,303,8,202,202,FALSE,1.3834801532353,0.747846796936062,-1.84655270485773,8.03383036061984,-0.745107153285956,0.538228454018699,-1.0298161376875,0.0349482441164347,-0.526625376188583,-0.0111260677941334,0.706693974366447,0.990555738475847,87.5,0.375,0.0117574257425743,-1.72402617491294,7,3
"pavic_2022_vaccine_conspiracy",1,101,7,399,399,FALSE,1.25774478966666,-0.603128571447427,-1.6366213187726,7.83141497233215,0.883031949519934,-1.07799518359757,0.702964467406606,0.239226833024502,-0.337266682038636,-0.526509575149847,-0.4262385876322,0.970713603926401,28.5714285714286,0.142857142857143,0.0347296813462227,-1.21520067967188,2,1
"pavic_2022_vaccine_conspiracy",2,202,7,399,399,FALSE,1.25774478966666,-0.603128571447427,-1.6366213187726,7.83141497233215,0.883031949519934,-1.07799518359757,0.702964467406606,0.239226833024502,-0.337266682038636,-0.526509575149847,-0.4262385876322,0.970713603926401,28.5714285714286,0.142857142857143,0.0347296813462227,-1.21520067967188,2,1
"pavic_2022_vaccine_conspiracy",3,303,7,399,399,FALSE,1.25774478966666,-0.603128571447427,-1.6366213187726,7.83141497233215,0.883031949519934,-1.07799518359757,0.702964467406606,0.239226833024502,-0.337266682038636,-0.526509575149847,-0.4262385876322,0.970713603926401,28.5714285714286,0.142857142857143,0.0347296813462227,-1.21520067967188,2,1
"pecino_2018_extrarole_wfb",1,101,34,432,432,FALSE,1.28052874621965,-0.670634049386953,-1.97732983916836,17.7473087245353,0.252084823206161,0.0737096586163582,-0.03013042387805,0.216061448044645,0.0464777556096259,2.34643541017679,-0.428626033531812,0.917309300746174,29.4117647058824,0.235294117647059,0.0164760348583878,-0.844290454262665,10,8
"pecino_2018_extrarole_wfb",2,202,34,432,432,FALSE,1.28052874621965,-0.670634049386953,-1.97732983916836,17.7473087245353,0.252084823206161,0.0737096586163582,-0.03013042387805,0.216061448044645,0.0464777556096259,2.34643541017679,-0.428626033531812,0.917309300746174,29.4117647058824,0.235294117647059,0.0164760348583878,-0.844290454262665,10,8
"pecino_2018_extrarole_wfb",3,303,34,432,432,FALSE,1.28052874621965,-0.670634049386953,-1.97732983916836,17.7473087245353,0.252084823206161,0.0737096586163582,-0.03013042387805,0.216061448044645,0.0464777556096259,2.34643541017679,-0.428626033531812,0.917309300746174,29.4117647058824,0.235294117647059,0.0164760348583878,-0.844290454262665,10,8
"pezzuti_2025_coolpeople_main_individualism_usa",1,101,8,828,828,FALSE,1.81083209641374,-0.704736654714723,-1.83441829880013,7.53975677962194,-0.0119856171326068,0.407216403247726,-0.537316291390646,0.342051756729746,-0.412921512374862,-1.07366075390339,-0.126461575339329,0.842052831220484,50,0.25,0.00483091787439614,-1.42521876447323,4,2
"pezzuti_2025_coolpeople_main_individualism_usa",2,202,8,828,828,FALSE,1.81083209641374,-0.704736654714723,-1.83441829880013,7.53975677962194,-0.0119856171326068,0.407216403247726,-0.537316291390646,0.342051756729746,-0.412921512374862,-1.07366075390339,-0.126461575339329,0.842052831220484,50,0.25,0.00483091787439614,-1.42521876447323,4,2
"pezzuti_2025_coolpeople_main_individualism_usa",3,303,8,828,828,FALSE,1.81083209641374,-0.704736654714723,-1.83441829880013,7.53975677962194,-0.0119856171326068,0.407216403247726,-0.537316291390646,0.342051756729746,-0.412921512374862,-1.07366075390339,-0.126461575339329,0.842052831220484,50,0.25,0.00483091787439614,-1.42521876447323,4,2
"pezzuti_2025_coolpeople_single-items",1,101,10,2000,5015,TRUE,1.98197174566138,-1.24288834285486,-1.97789767795848,13.0590130529899,-0.529029580192162,-0.34207568893832,-0.104204679287196,0.152582227273973,-0.875470838463502,-1.0696254644871,-0.796509241449927,0.920918389707618,0,0.3,0,-1.41816386586268,0,3
"pezzuti_2025_coolpeople_single-items",2,202,10,2000,5015,TRUE,1.97593805989986,-1.24193903047,-1.97427281638709,12.7939048634294,-0.490798464677885,-0.317075477551882,-0.0916067635573025,0.157335654194304,-0.874176072489818,-1.06476296490513,-0.763615466841885,0.917404594345878,0,0.3,0,-1.42104749444503,0,3
"rfq8_wozniakprus_2022",1,101,8,538,538,FALSE,1.78150554759901,-1.05109245270619,-1.95901064085985,9.37118775068689,0.0446671827965776,-0.278437202876009,0.0850474204171913,0.0494395141033819,-0.737497491703247,-0.660718588582919,-0.996826223067674,0.980829695581518,0,0.5,0,-1.03745242522,0,4
"rfq8_wozniakprus_2022",2,202,8,538,538,FALSE,1.78150554759901,-1.05109245270619,-1.95901064085985,9.37118775068689,0.0446671827965776,-0.278437202876009,0.0850474204171913,0.0494395141033819,-0.737497491703247,-0.660718588582919,-0.996826223067674,0.980829695581518,0,0.5,0,-1.03745242522,0,4
"rfq8_wozniakprus_2022",3,303,8,538,538,FALSE,1.78150554759901,-1.05109245270619,-1.95901064085985,9.37118775068689,0.0446671827965776,-0.278437202876009,0.0850474204171913,0.0494395141033819,-0.737497491703247,-0.660718588582919,-0.996826223067674,0.980829695581518,0,0.5,0,-1.03745242522,0,4
"rosenberg_selfesteem",1,101,10,2000,46245,TRUE,0.953104092096198,-0.84686943424612,-1.80341046499124,4.98220084990762,0.0404693160642738,0.194518790769382,-0.267766057291237,0.0966731745816445,-1.03561643839937,-1.07135238235502,-0.637462203169382,0.961909008582045,20,0.2,0.01085,-1.62026527914894,2,2
"rosetti2023_gad7",1,101,7,430,430,FALSE,0.945584482244495,-0.643681912220746,-1.46113052750071,3.03553515219109,-0.475759634076298,0.0507985993667488,0.469206647882875,0.114147288421553,-0.676199364406134,-0.552051833996356,-0.556313938573138,0.971123370535352,14.2857142857143,0.285714285714286,0.00930232558139535,-1.93996265175731,1,2
"rosetti2023_gad7",2,202,7,430,430,FALSE,0.945584482244495,-0.643681912220746,-1.46113052750071,3.03553515219109,-0.475759634076298,0.0507985993667488,0.469206647882875,0.114147288421553,-0.676199364406134,-0.552051833996356,-0.556313938573138,0.971123370535352,14.2857142857143,0.285714285714286,0.00930232558139535,-1.93996265175731,1,2
"rosetti2023_gad7",3,303,7,430,430,FALSE,0.945584482244495,-0.643681912220746,-1.46113052750071,3.03553515219109,-0.475759634076298,0.0507985993667488,0.469206647882875,0.114147288421553,-0.676199364406134,-0.552051833996356,-0.556313938573138,0.971123370535352,14.2857142857143,0.285714285714286,0.00930232558139535,-1.93996265175731,1,2
"rrca_mcneish_2025_exp",1,101,8,246,246,FALSE,0.730311564452526,-0.424419874412111,-1.3262827360307,1.77112789637225,-0.0501743616207137,0.0299848090357046,-0.110308686824534,0.0887765509765356,-0.604742016911573,-0.294650341005123,-0.227566586978706,0.967715998554252,25,0.375,0.0889227642276423,-0.766288849053887,2,3
"rrca_mcneish_2025_exp",2,202,8,246,246,FALSE,0.730311564452526,-0.424419874412111,-1.3262827360307,1.77112789637225,-0.0501743616207137,0.0299848090357046,-0.110308686824534,0.0887765509765356,-0.604742016911573,-0.294650341005123,-0.227566586978706,0.967715998554252,25,0.375,0.0889227642276423,-0.766288849053887,2,3
"rrca_mcneish_2025_exp",3,303,8,246,246,FALSE,0.730311564452526,-0.424419874412111,-1.3262827360307,1.77112789637225,-0.0501743616207137,0.0299848090357046,-0.110308686824534,0.0887765509765356,-0.604742016911573,-0.294650341005123,-0.227566586978706,0.967715998554252,25,0.375,0.0889227642276423,-0.766288849053887,2,3
"sabers_vesper2023",1,101,15,1353,1353,FALSE,1.38043315695579,-1.18301895444433,-1.83600331128552,9.32318113757553,-0.078930880339573,-0.289586885090723,-0.127411434512784,0.339927141799743,0.0495164991067649,-0.702144583309336,-0.459394569119977,0.872595398639633,26.6666666666667,0.2,0.0198078344419808,-1.94362135082681,4,3
"sabers_vesper2023",2,202,15,1353,1353,FALSE,1.38043315695579,-1.18301895444433,-1.83600331128552,9.32318113757553,-0.078930880339573,-0.289586885090723,-0.127411434512784,0.339927141799743,0.0495164991067649,-0.702144583309336,-0.459394569119977,0.872595398639633,26.6666666666667,0.2,0.0198078344419808,-1.94362135082681,4,3
"sabers_vesper2023",3,303,15,1353,1353,FALSE,1.38043315695579,-1.18301895444433,-1.83600331128552,9.32318113757553,-0.078930880339573,-0.289586885090723,-0.127411434512784,0.339927141799743,0.0495164991067649,-0.702144583309336,-0.459394569119977,0.872595398639633,26.6666666666667,0.2,0.0198078344419808,-1.94362135082681,4,3
"sabfi2_gallardo_pujol_2018_tight",1,101,6,410,410,FALSE,1.04118148802978,-0.755797872059413,-1.9337569797554,1.43732204221649,0.238963105419582,0.231207235855478,-0.387389234664857,0.213106310712526,-0.774250769606499,-1.00635050256262,-0.232984991447798,0.895195038226541,66.6666666666667,0.5,0.145934959349593,-0.198871635948517,4,3
"sabfi2_gallardo_pujol_2018_tight",2,202,6,410,410,FALSE,1.04118148802978,-0.755797872059413,-1.9337569797554,1.43732204221649,0.238963105419582,0.231207235855478,-0.387389234664857,0.213106310712526,-0.774250769606499,-1.00635050256262,-0.232984991447798,0.895195038226541,66.6666666666667,0.5,0.145934959349593,-0.198871635948517,4,3
"sabfi2_gallardo_pujol_2018_tight",3,303,6,410,410,FALSE,1.04118148802978,-0.755797872059413,-1.9337569797554,1.43732204221649,0.238963105419582,0.231207235855478,-0.387389234664857,0.213106310712526,-0.774250769606499,-1.00635050256262,-0.232984991447798,0.895195038226541,66.6666666666667,0.5,0.145934959349593,-0.198871635948517,4,3
"safiye_2023_rfq",1,101,8,817,817,FALSE,1.88493035422101,-1.06555492376663,-1.999213857295,11.1249209597436,-0.314109159120574,0.340886381421269,0.266652611889093,0.167092387634367,-0.710541634563259,-0.865809346842137,-0.778707743936267,0.933814798711402,0,0.375,0,-1.16361034371048,0,3
"safiye_2023_rfq",2,202,8,817,817,FALSE,1.88493035422101,-1.06555492376663,-1.999213857295,11.1249209597436,-0.314109159120574,0.340886381421269,0.266652611889093,0.167092387634367,-0.710541634563259,-0.865809346842137,-0.778707743936267,0.933814798711402,0,0.375,0,-1.16361034371048,0,3
"safiye_2023_rfq",3,303,8,817,817,FALSE,1.88493035422101,-1.06555492376663,-1.999213857295,11.1249209597436,-0.314109159120574,0.340886381421269,0.266652611889093,0.167092387634367,-0.710541634563259,-0.865809346842137,-0.778707743936267,0.933814798711402,0,0.375,0,-1.16361034371048,0,3
"sexual_compulsivity",1,101,10,2000,3098,TRUE,1.1067387862712,-1.29082283495842,-1.90891438140937,5.40745359556614,0.178630699055615,0.0340691959144467,0.217377494482392,0.140732095954683,-0.4987534973111,-0.357589542087586,-1.08875959385222,0.96004641014887,0,0.3,0,-1.99869336722001,0,3
"shu_2025_translation_eib",1,101,7,888,888,FALSE,1.78412713541441,-0.0930030932465065,-1.98215740499286,14.6902956665198,-0.307739036007624,-0.184752512052869,-0.341097126242079,0.250928387690284,-0.430395479121543,-0.836346425528643,0.0547461889659581,0.962485774286524,57.1428571428571,0.142857142857143,0.00933075933075933,-0.774322455480839,4,1
"shu_2025_translation_eib",2,202,7,888,888,FALSE,1.78412713541441,-0.0930030932465065,-1.98215740499286,14.6902956665198,-0.307739036007624,-0.184752512052869,-0.341097126242079,0.250928387690284,-0.430395479121543,-0.836346425528643,0.0547461889659581,0.962485774286524,57.1428571428571,0.142857142857143,0.00933075933075933,-0.774322455480839,4,1
"shu_2025_translation_eib",3,303,7,888,888,FALSE,1.78412713541441,-0.0930030932465065,-1.98215740499286,14.6902956665198,-0.307739036007624,-0.184752512052869,-0.341097126242079,0.250928387690284,-0.430395479121543,-0.836346425528643,0.0547461889659581,0.962485774286524,57.1428571428571,0.142857142857143,0.00933075933075933,-0.774322455480839,4,1
"silva_2018_mbds",1,101,12,799,799,FALSE,1.14900721136061,0.552379610648139,-1.81713984988183,7.18308898255531,0.506434723562825,-0.00884943314913375,0.919535011768638,0.10481019927578,-0.458563632410846,-0.171182513508124,0.694573964827617,0.960963998152514,75,0.25,0.0211722987067167,0.178521086455388,9,3
"silva_2018_mbds",2,202,12,799,799,FALSE,1.14900721136061,0.552379610648139,-1.81713984988183,7.18308898255531,0.506434723562825,-0.00884943314913375,0.919535011768638,0.10481019927578,-0.458563632410846,-0.171182513508124,0.694573964827617,0.960963998152514,75,0.25,0.0211722987067167,0.178521086455388,9,3
"silva_2018_mbds",3,303,12,799,799,FALSE,1.14900721136061,0.552379610648139,-1.81713984988183,7.18308898255531,0.506434723562825,-0.00884943314913375,0.919535011768638,0.10481019927578,-0.458563632410846,-0.171182513508124,0.694573964827617,0.960963998152514,75,0.25,0.0211722987067167,0.178521086455388,9,3
"singh_2025_identity_pss",1,101,10,1440,1440,FALSE,1.10309014833512,-0.606862365658734,-1.60499177357972,6.39202163775281,-0.132397761217402,-0.706035077818548,-0.0596153338661992,0.0950795657012888,-1.05172513261335,-1.07289731304804,-0.446527981207299,0.955541456472659,90,0.2,0.0476388888888889,-1.37572920015576,9,2
"singh_2025_identity_pss",2,202,10,1440,1440,FALSE,1.10309014833512,-0.606862365658734,-1.60499177357972,6.39202163775281,-0.132397761217402,-0.706035077818548,-0.0596153338661992,0.0950795657012888,-1.05172513261335,-1.07289731304804,-0.446527981207299,0.955541456472659,90,0.2,0.0476388888888889,-1.37572920015576,9,2
"singh_2025_identity_pss",3,303,10,1440,1440,FALSE,1.10309014833512,-0.606862365658734,-1.60499177357972,6.39202163775281,-0.132397761217402,-0.706035077818548,-0.0596153338661992,0.0950795657012888,-1.05172513261335,-1.07289731304804,-0.446527981207299,0.955541456472659,90,0.2,0.0476388888888889,-1.37572920015576,9,2
"sned_bendall_2024",1,101,6,797,797,FALSE,2.29072712828012,-0.481595713390741,-1.79707269496342,13.928244876157,0.784278023274216,0.116309685916228,-0.505566530597332,0.163226605483183,-0.964214466521336,-1.17118907922758,-0.206904864195335,0.939716307550545,50,0.333333333333333,0.00355499790882476,-1.41042777573483,3,2
"sned_bendall_2024",2,202,6,797,797,FALSE,2.29072712828012,-0.481595713390741,-1.79707269496342,13.928244876157,0.784278023274216,0.116309685916228,-0.505566530597332,0.163226605483183,-0.964214466521336,-1.17118907922758,-0.206904864195335,0.939716307550545,50,0.333333333333333,0.00355499790882476,-1.41042777573483,3,2
"sned_bendall_2024",3,303,6,797,797,FALSE,2.29072712828012,-0.481595713390741,-1.79707269496342,13.928244876157,0.784278023274216,0.116309685916228,-0.505566530597332,0.163226605483183,-0.964214466521336,-1.17118907922758,-0.206904864195335,0.939716307550545,50,0.333333333333333,0.00355499790882476,-1.41042777573483,3,2
"song_2023_mpats",1,101,16,905,905,FALSE,1.0989613927323,-0.843874522670305,-1.86647172894494,7.97107798392596,0.230898467338772,-0.818220257148531,0.00680561910373957,0.127735500969349,-0.244602991602168,0.531932236545555,-0.670349370999783,0.961874622855434,43.75,0.25,0.0104281767955801,-0.540700104619708,7,4
"song_2023_mpats",2,202,16,905,905,FALSE,1.0989613927323,-0.843874522670305,-1.86647172894494,7.97107798392596,0.230898467338772,-0.818220257148531,0.00680561910373957,0.127735500969349,-0.244602991602168,0.531932236545555,-0.670349370999783,0.961874622855434,43.75,0.25,0.0104281767955801,-0.540700104619708,7,4
"song_2023_mpats",3,303,16,905,905,FALSE,1.0989613927323,-0.843874522670305,-1.86647172894494,7.97107798392596,0.230898467338772,-0.818220257148531,0.00680561910373957,0.127735500969349,-0.244602991602168,0.531932236545555,-0.670349370999783,0.961874622855434,43.75,0.25,0.0104281767955801,-0.540700104619708,7,4
"song_2025_sc",1,101,6,461,461,FALSE,1.12285532485235,-0.196533699397508,-1.67617061795891,2.64972621793026,-0.475618747439111,0.621673964945831,0.71796789383603,0.552266879363436,0.701930185698709,-0.695329816799195,0.667038384577616,0.746441301943381,83.3333333333333,0.166666666666667,0.108459869848156,-0.891826909495633,5,1
"song_2025_sc",2,202,6,461,461,FALSE,1.12285532485235,-0.196533699397508,-1.67617061795891,2.64972621793026,-0.475618747439111,0.621673964945831,0.71796789383603,0.552266879363436,0.701930185698709,-0.695329816799195,0.667038384577616,0.746441301943381,83.3333333333333,0.166666666666667,0.108459869848156,-0.891826909495633,5,1
"song_2025_sc",3,303,6,461,461,FALSE,1.12285532485235,-0.196533699397508,-1.67617061795891,2.64972621793026,-0.475618747439111,0.621673964945831,0.71796789383603,0.552266879363436,0.701930185698709,-0.695329816799195,0.667038384577616,0.746441301943381,83.3333333333333,0.166666666666667,0.108459869848156,-0.891826909495633,5,1
"suicide_reinbergs_2025_stig",1,101,9,1086,1086,FALSE,0.93173559306309,-0.837885698940417,-1.94795174992041,4.22259954885897,-0.229589429884224,0.120552409852264,-0.162915371282666,0.142610140701775,-0.4310392541474,-0.320704394188707,-0.706931224717149,0.967328222735069,11.1111111111111,0.222222222222222,0.0059341109064866,-1.06255079290679,1,2
"suicide_reinbergs_2025_stig",2,202,9,1086,1086,FALSE,0.93173559306309,-0.837885698940417,-1.94795174992041,4.22259954885897,-0.229589429884224,0.120552409852264,-0.162915371282666,0.142610140701775,-0.4310392541474,-0.320704394188707,-0.706931224717149,0.967328222735069,11.1111111111111,0.222222222222222,0.0059341109064866,-1.06255079290679,1,2
"suicide_reinbergs_2025_stig",3,303,9,1086,1086,FALSE,0.93173559306309,-0.837885698940417,-1.94795174992041,4.22259954885897,-0.229589429884224,0.120552409852264,-0.162915371282666,0.142610140701775,-0.4310392541474,-0.320704394188707,-0.706931224717149,0.967328222735069,11.1111111111111,0.222222222222222,0.0059341109064866,-1.06255079290679,1,2
"thanh_2025_green_knowledge",1,101,6,399,399,FALSE,1.18398735567157,-0.626196869544966,-1.86759733123556,3.14484762519104,0.821969028234325,-0.0914420184890414,0.579091635384852,0.114317448077424,-1.21764731027497,-1.18387653946235,-0.22975521260088,0.940492913366916,66.6666666666667,0.5,0.0196324143692565,-1.18826907608431,4,3
"thanh_2025_green_knowledge",2,202,6,399,399,FALSE,1.18398735567157,-0.626196869544966,-1.86759733123556,3.14484762519104,0.821969028234325,-0.0914420184890414,0.579091635384852,0.114317448077424,-1.21764731027497,-1.18387653946235,-0.22975521260088,0.940492913366916,66.6666666666667,0.5,0.0196324143692565,-1.18826907608431,4,3
"thanh_2025_green_knowledge",3,303,6,399,399,FALSE,1.18398735567157,-0.626196869544966,-1.86759733123556,3.14484762519104,0.821969028234325,-0.0914420184890414,0.579091635384852,0.114317448077424,-1.21764731027497,-1.18387653946235,-0.22975521260088,0.940492913366916,66.6666666666667,0.5,0.0196324143692565,-1.18826907608431,4,3
"tian2026_digital_competence",1,101,29,515,515,FALSE,0.715856255557633,0.3822764556903,-1.23741991511679,7.22288625350112,-0.357548672150276,-0.687272890319363,-0.502672351213035,0.0510299094538462,0.625865358481283,2.49701680703308,0.36876654421351,0.983368905006513,89.6551724137931,0.137931034482759,0.116303983930365,NA,26,4
"tian2026_digital_competence",2,202,29,515,515,FALSE,0.715856255557633,0.3822764556903,-1.23741991511679,7.22288625350112,-0.357548672150276,-0.687272890319363,-0.502672351213035,0.0510299094538462,0.625865358481283,2.49701680703308,0.36876654421351,0.983368905006513,89.6551724137931,0.137931034482759,0.116303983930365,NA,26,4
"tian2026_digital_competence",3,303,29,515,515,FALSE,0.715856255557633,0.3822764556903,-1.23741991511679,7.22288625350112,-0.357548672150276,-0.687272890319363,-0.502672351213035,0.0510299094538462,0.625865358481283,2.49701680703308,0.36876654421351,0.983368905006513,89.6551724137931,0.137931034482759,0.116303983930365,NA,26,4
"wang_onlineriskexp_2025_anxiety",1,101,7,756,756,FALSE,0.784063504469691,0.363924471859206,-1.99281073227507,1.54345090728307,1.30160465668969,-0.180982016289879,1.03016349046243,0.361232866739565,-0.34938070746002,-0.937830224173623,1.23056850547864,0.887556966694035,85.7142857142857,0.285714285714286,0.0128495842781557,1.019512466219,6,2
"wang_onlineriskexp_2025_anxiety",2,202,7,756,756,FALSE,0.784063504469691,0.363924471859206,-1.99281073227507,1.54345090728307,1.30160465668969,-0.180982016289879,1.03016349046243,0.361232866739565,-0.34938070746002,-0.937830224173623,1.23056850547864,0.887556966694035,85.7142857142857,0.285714285714286,0.0128495842781557,1.019512466219,6,2
"wang_onlineriskexp_2025_anxiety",3,303,7,756,756,FALSE,0.784063504469691,0.363924471859206,-1.99281073227507,1.54345090728307,1.30160465668969,-0.180982016289879,1.03016349046243,0.361232866739565,-0.34938070746002,-0.937830224173623,1.23056850547864,0.887556966694035,85.7142857142857,0.285714285714286,0.0128495842781557,1.019512466219,6,2
"wang2022_fomo",1,101,10,308,308,FALSE,1.33940127431327,-0.417799047677135,-1.46357051177115,6.31802223226367,0.616500585426231,0.310290550512477,0.888233103849096,0.164616742685321,-0.568810961266791,-0.442842015283701,0.181294880411398,0.942579989351586,40,0.4,0.0366883116883117,-1.65895053288485,4,4
"wang2022_fomo",2,202,10,308,308,FALSE,1.33940127431327,-0.417799047677135,-1.46357051177115,6.31802223226367,0.616500585426231,0.310290550512477,0.888233103849096,0.164616742685321,-0.568810961266791,-0.442842015283701,0.181294880411398,0.942579989351586,40,0.4,0.0366883116883117,-1.65895053288485,4,4
"wang2022_fomo",3,303,10,308,308,FALSE,1.33940127431327,-0.417799047677135,-1.46357051177115,6.31802223226367,0.616500585426231,0.310290550512477,0.888233103849096,0.164616742685321,-0.568810961266791,-0.442842015283701,0.181294880411398,0.942579989351586,40,0.4,0.0366883116883117,-1.65895053288485,4,4
"west_2021_aggnet_bfi2_agg_neu",1,101,17,616,616,FALSE,1.28875887371112,-0.913575239006876,-1.96203724893715,5.51392591851432,-0.192009362924489,-0.317473745806317,-0.444218611716354,0.338878822006529,-0.192758709578099,-0.720132326811222,-0.0573580051501921,0.820266558021127,47.0588235294118,0.294117647058824,0.0216768525592055,-1.99376006938854,8,5
"west_2021_aggnet_bfi2_agg_neu",2,202,17,616,616,FALSE,1.28875887371112,-0.913575239006876,-1.96203724893715,5.51392591851432,-0.192009362924489,-0.317473745806317,-0.444218611716354,0.338878822006529,-0.192758709578099,-0.720132326811222,-0.0573580051501921,0.820266558021127,47.0588235294118,0.294117647058824,0.0216768525592055,-1.99376006938854,8,5
"west_2021_aggnet_bfi2_agg_neu",3,303,17,616,616,FALSE,1.28875887371112,-0.913575239006876,-1.96203724893715,5.51392591851432,-0.192009362924489,-0.317473745806317,-0.444218611716354,0.338878822006529,-0.192758709578099,-0.720132326811222,-0.0573580051501921,0.820266558021127,47.0588235294118,0.294117647058824,0.0216768525592055,-1.99376006938854,8,5
"xu2024_self_efficacy",1,101,7,394,394,FALSE,1.15789249561153,-0.813350552251721,-1.80076189139405,6.19547712147962,-0.302486203408009,0.757663128545822,-0.153268955345784,0.00509181522925677,-0.659495867824359,-0.392403450082778,-0.814442666953781,0.999447510088861,0,0.142857142857143,0,-0.918605281786824,0,1
"xu2024_self_efficacy",2,202,7,394,394,FALSE,1.15789249561153,-0.813350552251721,-1.80076189139405,6.19547712147962,-0.302486203408009,0.757663128545822,-0.153268955345784,0.00509181522925677,-0.659495867824359,-0.392403450082778,-0.814442666953781,0.999447510088861,0,0.142857142857143,0,-0.918605281786824,0,1
"xu2024_self_efficacy",3,303,7,394,394,FALSE,1.15789249561153,-0.813350552251721,-1.80076189139405,6.19547712147962,-0.302486203408009,0.757663128545822,-0.153268955345784,0.00509181522925677,-0.659495867824359,-0.392403450082778,-0.814442666953781,0.999447510088861,0,0.142857142857143,0,-0.918605281786824,0,1
"zeng_2025_academic_buoyancy_cfa",1,101,21,417,417,FALSE,0.954462147704141,-0.0154281849022744,-1.98782176158299,5.8313614147849,0.135041693811858,0.58580467560018,-0.415079506786828,0.189977056505033,-0.0464118034947121,0.786649650549567,0.272166283557261,0.929682965233244,76.1904761904762,0.285714285714286,0.0170149594610026,-0.8618823843417,16,6
"zeng_2025_academic_buoyancy_cfa",2,202,21,417,417,FALSE,0.954462147704141,-0.0154281849022744,-1.98782176158299,5.8313614147849,0.135041693811858,0.58580467560018,-0.415079506786828,0.189977056505033,-0.0464118034947121,0.786649650549567,0.272166283557261,0.929682965233244,76.1904761904762,0.285714285714286,0.0170149594610026,-0.8618823843417,16,6
"zeng_2025_academic_buoyancy_cfa",3,303,21,417,417,FALSE,0.954462147704141,-0.0154281849022744,-1.98782176158299,5.8313614147849,0.135041693811858,0.58580467560018,-0.415079506786828,0.189977056505033,-0.0464118034947121,0.786649650549567,0.272166283557261,0.929682965233244,76.1904761904762,0.285714285714286,0.0170149594610026,-0.8618823843417,16,6
"zhou_2025_peer_relationship",1,101,16,2000,12374,TRUE,0.961126020340643,-0.958005439643615,-1.93893730130854,5.06284790600258,0.309821025898925,0.236793774161734,-0.127254463555228,0.29991731359964,-0.273747366405566,-1.09564070888794,-0.172783063756821,0.847634966282823,56.25,0.1875,0.021625,-1.81775925260417,9,3
"zhou_2025_peer_relationship",2,202,16,2000,12374,TRUE,0.983306171478664,-1.02112530589278,-1.94544816841827,5.27633774588223,0.365690423446442,-0.0200713839654613,-0.129491144145395,0.316641259539766,-0.233848524388678,-1.08198632419528,-0.165858389143992,0.839498693520685,56.25,0.1875,0.02303125,-1.8972939257641,9,3
"zhou_2025_peer_relationship",3,303,16,2000,12374,TRUE,0.965496909939435,-0.972761291965634,-1.9502236874539,5.09709897324322,-0.301214190317249,0.0165750165038935,-0.114642474560791,0.306107347778849,-0.170309069156405,-1.02408387973713,-0.166105448968741,0.84672137990685,56.25,0.1875,0.02228125,-1.82794523354805,9,3
