"table","replicate","seed","method","eta2"
"ada_boredom_bieleke2022",1,101,"eJaccard",0.350107463673746
"ada_boredom_bieleke2022",1,101,"Podani",0.237515155322851
"ada_boredom_bieleke2022",1,101,"Euclidean",0.11576179603874
"ada_boredom_bieleke2022",1,101,"Cosine",0.189935727382535
"ada_boredom_bieleke2022",1,101,"eDice",0.194005440620773
"ada_boredom_bieleke2022",1,101,"Correlation",0.0979870784361847
"ada_boredom_bieleke2022",1,101,"ACE",0.142370608352236
"ada_boredom_bieleke2022",1,101,"Original Relationality",0.0203699858114786
"ada_boredom_bieleke2022",1,101,"Recursive Relationality",0.481444946968858
"ada_boredom_bieleke2022",1,101,"Ensemble",0.157570172787754
"ada_boredom_bieleke2022",2,202,"eJaccard",0.353964138436101
"ada_boredom_bieleke2022",2,202,"Podani",0.249140765462209
"ada_boredom_bieleke2022",2,202,"Euclidean",0.114598414785993
"ada_boredom_bieleke2022",2,202,"Cosine",0.189209237206674
"ada_boredom_bieleke2022",2,202,"eDice",0.206960021913105
"ada_boredom_bieleke2022",2,202,"Correlation",0.126514963036513
"ada_boredom_bieleke2022",2,202,"ACE",0.0623299044646035
"ada_boredom_bieleke2022",2,202,"Original Relationality",0.0299445232340848
"ada_boredom_bieleke2022",2,202,"Recursive Relationality",0.467874496567077
"ada_boredom_bieleke2022",2,202,"Ensemble",0.107555738254518
"ada_boredom_bieleke2022",3,303,"eJaccard",0.345414003636542
"ada_boredom_bieleke2022",3,303,"Podani",0.242333016156441
"ada_boredom_bieleke2022",3,303,"Euclidean",0.11576179603874
"ada_boredom_bieleke2022",3,303,"Cosine",0.19422205597541
"ada_boredom_bieleke2022",3,303,"eDice",0.206960021913105
"ada_boredom_bieleke2022",3,303,"Correlation",0.0801609594210633
"ada_boredom_bieleke2022",3,303,"ACE",0.0871837782299567
"ada_boredom_bieleke2022",3,303,"Original Relationality",0.00505528059875337
"ada_boredom_bieleke2022",3,303,"Recursive Relationality",0.45610287790219
"ada_boredom_bieleke2022",3,303,"Ensemble",0.127467367469059
"algner2022_mimi16",2,202,"eJaccard",0.380981075927953
"algner2022_mimi16",2,202,"Podani",0.209820991478767
"algner2022_mimi16",2,202,"Euclidean",0.358145348483238
"algner2022_mimi16",2,202,"Cosine",0.678683111658981
"algner2022_mimi16",2,202,"eDice",0.0373766979705717
"algner2022_mimi16",2,202,"Correlation",0.215909483166885
"algner2022_mimi16",2,202,"ACE",0.213587392905785
"algner2022_mimi16",2,202,"Original Relationality",0.140378989308819
"algner2022_mimi16",2,202,"Recursive Relationality",0.188913575617929
"algner2022_mimi16",2,202,"Ensemble",0.26797465040504
"algner2022_mimi16",3,303,"eJaccard",0.380981075927953
"algner2022_mimi16",3,303,"Podani",0.228340932568623
"algner2022_mimi16",3,303,"Euclidean",0.308884695630803
"algner2022_mimi16",3,303,"Cosine",0.678683111658981
"algner2022_mimi16",3,303,"eDice",0.0373766979705717
"algner2022_mimi16",3,303,"Correlation",0.257414198119931
"algner2022_mimi16",3,303,"ACE",0.293067424381407
"algner2022_mimi16",3,303,"Original Relationality",0.161067902806728
"algner2022_mimi16",3,303,"Recursive Relationality",0.171285999878264
"algner2022_mimi16",3,303,"Ensemble",0.268691631708916
"alsuhibani_2022_pads_s1",1,101,"eJaccard",0.185573450704793
"alsuhibani_2022_pads_s1",1,101,"Podani",0.261230642105884
"alsuhibani_2022_pads_s1",1,101,"Euclidean",0.329443228077713
"alsuhibani_2022_pads_s1",1,101,"Cosine",0.302693358847127
"alsuhibani_2022_pads_s1",1,101,"eDice",0.113837146503754
"alsuhibani_2022_pads_s1",1,101,"Correlation",0.274227713807785
"alsuhibani_2022_pads_s1",1,101,"ACE",0.139175310963652
"alsuhibani_2022_pads_s1",1,101,"Original Relationality",0.0762226676154548
"alsuhibani_2022_pads_s1",1,101,"Recursive Relationality",0.20520299841778
"alsuhibani_2022_pads_s1",1,101,"Ensemble",0.214415489847391
"alsuhibani_2022_pads_s1",2,202,"eJaccard",0.177267581081929
"alsuhibani_2022_pads_s1",2,202,"Podani",0.198194696026557
"alsuhibani_2022_pads_s1",2,202,"Euclidean",0.309777563658686
"alsuhibani_2022_pads_s1",2,202,"Cosine",0.446679957035081
"alsuhibani_2022_pads_s1",2,202,"eDice",0.131317600852152
"alsuhibani_2022_pads_s1",2,202,"Correlation",0.293905399502685
"alsuhibani_2022_pads_s1",2,202,"ACE",0.13201691906603
"alsuhibani_2022_pads_s1",2,202,"Original Relationality",0.119019706603403
"alsuhibani_2022_pads_s1",2,202,"Recursive Relationality",0.166960613617882
"alsuhibani_2022_pads_s1",2,202,"Ensemble",0.238916224057141
"alsuhibani_2022_pads_s1",3,303,"eJaccard",0.213071793130623
"alsuhibani_2022_pads_s1",3,303,"Podani",0.269178864848602
"alsuhibani_2022_pads_s1",3,303,"Euclidean",0.286892561338706
"alsuhibani_2022_pads_s1",3,303,"Cosine",0.366053751011354
"alsuhibani_2022_pads_s1",3,303,"eDice",0.106683386724389
"alsuhibani_2022_pads_s1",3,303,"Correlation",0.239818776335527
"alsuhibani_2022_pads_s1",3,303,"ACE",0.125056079995343
"alsuhibani_2022_pads_s1",3,303,"Original Relationality",0.112496477169631
"alsuhibani_2022_pads_s1",3,303,"Recursive Relationality",0.210864065334575
"alsuhibani_2022_pads_s1",3,303,"Ensemble",0.20944002866259
"alsyouf_2024_facilitating_conditions",1,101,"eJaccard",0.472672358695067
"alsyouf_2024_facilitating_conditions",1,101,"Podani",0.292669600015701
"alsyouf_2024_facilitating_conditions",1,101,"Euclidean",0.13739862547106
"alsyouf_2024_facilitating_conditions",1,101,"Cosine",0.160042404061515
"alsyouf_2024_facilitating_conditions",1,101,"eDice",0.107112100043053
"alsyouf_2024_facilitating_conditions",1,101,"Correlation",0.10650385399334
"alsyouf_2024_facilitating_conditions",1,101,"ACE",0.101453909014652
"alsyouf_2024_facilitating_conditions",1,101,"Original Relationality",0.0282232839496717
"alsyouf_2024_facilitating_conditions",1,101,"Recursive Relationality",0.458637693450324
"alsyouf_2024_facilitating_conditions",1,101,"Ensemble",0.448768096756183
"alsyouf_2024_facilitating_conditions",2,202,"eJaccard",0.460131871241033
"alsyouf_2024_facilitating_conditions",2,202,"Podani",0.261323737207706
"alsyouf_2024_facilitating_conditions",2,202,"Euclidean",0.134099925258791
"alsyouf_2024_facilitating_conditions",2,202,"Cosine",0.157626927313193
"alsyouf_2024_facilitating_conditions",2,202,"eDice",0.107112100043053
"alsyouf_2024_facilitating_conditions",2,202,"Correlation",0.0921976256571183
"alsyouf_2024_facilitating_conditions",2,202,"ACE",0.101423541131187
"alsyouf_2024_facilitating_conditions",2,202,"Original Relationality",0.0343304250570551
"alsyouf_2024_facilitating_conditions",2,202,"Recursive Relationality",0.420926122256052
"alsyouf_2024_facilitating_conditions",2,202,"Ensemble",0.34217599289621
"alsyouf_2024_facilitating_conditions",3,303,"eJaccard",0.460232256204709
"alsyouf_2024_facilitating_conditions",3,303,"Podani",0.255093709412118
"alsyouf_2024_facilitating_conditions",3,303,"Euclidean",0.138695683276769
"alsyouf_2024_facilitating_conditions",3,303,"Cosine",0.092398385675254
"alsyouf_2024_facilitating_conditions",3,303,"eDice",0.0661787978394391
"alsyouf_2024_facilitating_conditions",3,303,"Correlation",0.0916993749145154
"alsyouf_2024_facilitating_conditions",3,303,"ACE",0.102479126200385
"alsyouf_2024_facilitating_conditions",3,303,"Original Relationality",0.0251007289751723
"alsyouf_2024_facilitating_conditions",3,303,"Recursive Relationality",0.381775381823485
"alsyouf_2024_facilitating_conditions",3,303,"Ensemble",0.349470798350383
"assessment_time_fournier_2025_pmpuq",1,101,"eJaccard",0.23188705827408
"assessment_time_fournier_2025_pmpuq",1,101,"Podani",0.100335229401633
"assessment_time_fournier_2025_pmpuq",1,101,"Euclidean",0.215707637918306
"assessment_time_fournier_2025_pmpuq",1,101,"Cosine",0.637966290784224
"assessment_time_fournier_2025_pmpuq",1,101,"eDice",0.079648228134636
"assessment_time_fournier_2025_pmpuq",1,101,"Correlation",0.196333925083984
"assessment_time_fournier_2025_pmpuq",1,101,"ACE",0.125215126929331
"assessment_time_fournier_2025_pmpuq",1,101,"Original Relationality",0.0585182901867553
"assessment_time_fournier_2025_pmpuq",1,101,"Recursive Relationality",0.0375157641182315
"assessment_time_fournier_2025_pmpuq",1,101,"Ensemble",0.0833986839686126
"assessment_time_fournier_2025_pmpuq",2,202,"eJaccard",0.239904095502723
"assessment_time_fournier_2025_pmpuq",2,202,"Podani",0.100335229401633
"assessment_time_fournier_2025_pmpuq",2,202,"Euclidean",0.243355701512656
"assessment_time_fournier_2025_pmpuq",2,202,"Cosine",0.648246138146995
"assessment_time_fournier_2025_pmpuq",2,202,"eDice",0.151434436077538
"assessment_time_fournier_2025_pmpuq",2,202,"Correlation",0.208173032168446
"assessment_time_fournier_2025_pmpuq",2,202,"ACE",0.0700290896357632
"assessment_time_fournier_2025_pmpuq",2,202,"Original Relationality",0.0700495428962895
"assessment_time_fournier_2025_pmpuq",2,202,"Recursive Relationality",0.137669266794028
"assessment_time_fournier_2025_pmpuq",2,202,"Ensemble",0.0962375630672822
"assessment_time_fournier_2025_pmpuq",3,303,"eJaccard",0.210978290656142
"assessment_time_fournier_2025_pmpuq",3,303,"Podani",0.101508746663075
"assessment_time_fournier_2025_pmpuq",3,303,"Euclidean",0.231842132030158
"assessment_time_fournier_2025_pmpuq",3,303,"Cosine",0.642829507548163
"assessment_time_fournier_2025_pmpuq",3,303,"eDice",0.144208123508319
"assessment_time_fournier_2025_pmpuq",3,303,"Correlation",0.205543156908025
"assessment_time_fournier_2025_pmpuq",3,303,"ACE",0.094472914454092
"assessment_time_fournier_2025_pmpuq",3,303,"Original Relationality",0.0536029847422928
"assessment_time_fournier_2025_pmpuq",3,303,"Recursive Relationality",0.048321061107606
"assessment_time_fournier_2025_pmpuq",3,303,"Ensemble",0.0702129051600425
"assessment_time_fournier_2025_upps",1,101,"eJaccard",0.221054816415449
"assessment_time_fournier_2025_upps",1,101,"Podani",0.127676247262134
"assessment_time_fournier_2025_upps",1,101,"Euclidean",0.0451828002090112
"assessment_time_fournier_2025_upps",1,101,"Cosine",0.197253227895527
"assessment_time_fournier_2025_upps",1,101,"eDice",0.133281797805019
"assessment_time_fournier_2025_upps",1,101,"Correlation",0.230744562687446
"assessment_time_fournier_2025_upps",1,101,"ACE",0.137888401608872
"assessment_time_fournier_2025_upps",1,101,"Original Relationality",0.109017988525228
"assessment_time_fournier_2025_upps",1,101,"Recursive Relationality",0.189436800806352
"assessment_time_fournier_2025_upps",1,101,"Ensemble",0.205369005567425
"assessment_time_fournier_2025_upps",2,202,"eJaccard",0.221054816415449
"assessment_time_fournier_2025_upps",2,202,"Podani",0.167948608886773
"assessment_time_fournier_2025_upps",2,202,"Euclidean",0.0306869285575283
"assessment_time_fournier_2025_upps",2,202,"Cosine",0.200111119977198
"assessment_time_fournier_2025_upps",2,202,"eDice",0.157715886888265
"assessment_time_fournier_2025_upps",2,202,"Correlation",0.173240296748682
"assessment_time_fournier_2025_upps",2,202,"ACE",0.148170766797216
"assessment_time_fournier_2025_upps",2,202,"Original Relationality",0.155569332137173
"assessment_time_fournier_2025_upps",2,202,"Recursive Relationality",0.189564490796749
"assessment_time_fournier_2025_upps",2,202,"Ensemble",0.186602567673497
"assessment_time_fournier_2025_upps",3,303,"eJaccard",0.215726969914286
"assessment_time_fournier_2025_upps",3,303,"Podani",0.150900501910072
"assessment_time_fournier_2025_upps",3,303,"Euclidean",0.077784656761551
"assessment_time_fournier_2025_upps",3,303,"Cosine",0.200111119977198
"assessment_time_fournier_2025_upps",3,303,"eDice",0.134499761031308
"assessment_time_fournier_2025_upps",3,303,"Correlation",0.214373123227617
"assessment_time_fournier_2025_upps",3,303,"ACE",0.153887933806271
"assessment_time_fournier_2025_upps",3,303,"Original Relationality",0.109017988525228
"assessment_time_fournier_2025_upps",3,303,"Recursive Relationality",0.193102791863773
"assessment_time_fournier_2025_upps",3,303,"Ensemble",0.203179878716114
"autism_blotner_2025_s2_aq",1,101,"eJaccard",0.32122181042186
"autism_blotner_2025_s2_aq",1,101,"Podani",0.163356031682834
"autism_blotner_2025_s2_aq",1,101,"Euclidean",0.0832315027221291
"autism_blotner_2025_s2_aq",1,101,"Cosine",0.156518129901966
"autism_blotner_2025_s2_aq",1,101,"eDice",0.118352434560499
"autism_blotner_2025_s2_aq",1,101,"Correlation",0.235020284410711
"autism_blotner_2025_s2_aq",1,101,"ACE",0.232794553713237
"autism_blotner_2025_s2_aq",1,101,"Original Relationality",0.000352633965990315
"autism_blotner_2025_s2_aq",1,101,"Recursive Relationality",0.0897438687255029
"autism_blotner_2025_s2_aq",1,101,"Ensemble",0.0729805499969114
"beh_boredom_bieleke2022",2,202,"eJaccard",0.298188363725422
"beh_boredom_bieleke2022",2,202,"Podani",0.385122573371771
"beh_boredom_bieleke2022",2,202,"Euclidean",0.382407925672921
"beh_boredom_bieleke2022",2,202,"Cosine",0.676920227436476
"beh_boredom_bieleke2022",2,202,"eDice",0.222704512788474
"beh_boredom_bieleke2022",2,202,"Correlation",0.226459375118832
"beh_boredom_bieleke2022",2,202,"ACE",0.340156032997692
"beh_boredom_bieleke2022",2,202,"Original Relationality",0.137361769604734
"beh_boredom_bieleke2022",2,202,"Recursive Relationality",0.23108835479819
"beh_boredom_bieleke2022",2,202,"Ensemble",0.29544122436217
"beh_boredom_bieleke2022",3,303,"eJaccard",0.323290236061301
"beh_boredom_bieleke2022",3,303,"Podani",0.392319102743663
"beh_boredom_bieleke2022",3,303,"Euclidean",0.387229371179613
"beh_boredom_bieleke2022",3,303,"Cosine",0.701458599597224
"beh_boredom_bieleke2022",3,303,"eDice",0.205929811528367
"beh_boredom_bieleke2022",3,303,"Correlation",0.21338715569815
"beh_boredom_bieleke2022",3,303,"ACE",0.261499497038486
"beh_boredom_bieleke2022",3,303,"Original Relationality",0.0482309948870787
"beh_boredom_bieleke2022",3,303,"Recursive Relationality",0.168572560944386
"beh_boredom_bieleke2022",3,303,"Ensemble",0.426106707905357
"chen2022b_socsupport",1,101,"eJaccard",0.733722596288161
"chen2022b_socsupport",1,101,"Podani",0.0353777123064324
"chen2022b_socsupport",1,101,"Euclidean",0.185874143991129
"chen2022b_socsupport",1,101,"Cosine",0.0523967028389414
"chen2022b_socsupport",1,101,"eDice",0.135725706325741
"chen2022b_socsupport",1,101,"Correlation",0.0625370765777369
"chen2022b_socsupport",1,101,"ACE",0.0302314509586357
"chen2022b_socsupport",1,101,"Original Relationality",0.00137319067237279
"chen2022b_socsupport",1,101,"Recursive Relationality",0.0521866060431458
"chen2022b_socsupport",1,101,"Ensemble",0.0493741199618155
"chen2022b_socsupport",2,202,"eJaccard",0.709638886623068
"chen2022b_socsupport",2,202,"Podani",0.0755391801127824
"chen2022b_socsupport",2,202,"Euclidean",0.48636530758521
"chen2022b_socsupport",2,202,"Cosine",0.119176250111188
"chen2022b_socsupport",2,202,"eDice",0.143237742084
"chen2022b_socsupport",2,202,"Correlation",0.0323856365728343
"chen2022b_socsupport",2,202,"ACE",0.0430509828996332
"chen2022b_socsupport",2,202,"Original Relationality",0.00127237588065739
"chen2022b_socsupport",2,202,"Recursive Relationality",0.0778542783731974
"chen2022b_socsupport",2,202,"Ensemble",0.119150973975857
"chen2022b_socsupport",3,303,"eJaccard",0.603842337502024
"chen2022b_socsupport",3,303,"Podani",0.0387377052118207
"chen2022b_socsupport",3,303,"Euclidean",0.264291864671553
"chen2022b_socsupport",3,303,"Cosine",0.0348054681419454
"chen2022b_socsupport",3,303,"eDice",0.12835029311169
"chen2022b_socsupport",3,303,"Correlation",0.0638713486514998
"chen2022b_socsupport",3,303,"ACE",0.0459056068345514
"chen2022b_socsupport",3,303,"Original Relationality",0.00585086870958991
"chen2022b_socsupport",3,303,"Recursive Relationality",0.0879844571411627
"chen2022b_socsupport",3,303,"Ensemble",0.0804464737297069
"christiannationalism_davis2021",1,101,"eJaccard",0.592860984522085
"christiannationalism_davis2021",1,101,"Podani",0.220820303697941
"christiannationalism_davis2021",1,101,"Euclidean",0.188063613032178
"christiannationalism_davis2021",1,101,"Cosine",0.205632562623368
"christiannationalism_davis2021",1,101,"eDice",0.0798485069849263
"christiannationalism_davis2021",1,101,"Correlation",0.323027161922679
"christiannationalism_davis2021",1,101,"ACE",0.260590073219663
"christiannationalism_davis2021",1,101,"Original Relationality",0.178902747985837
"christiannationalism_davis2021",1,101,"Recursive Relationality",0.236966698099792
"christiannationalism_davis2021",1,101,"Ensemble",0.325908109744326
"christiannationalism_davis2021",2,202,"eJaccard",0.615381341570293
"christiannationalism_davis2021",2,202,"Podani",0.259298464068134
"christiannationalism_davis2021",2,202,"Euclidean",0.554650991042675
"christiannationalism_davis2021",2,202,"Cosine",0.226032001515359
"christiannationalism_davis2021",2,202,"eDice",0.118526381931593
"christiannationalism_davis2021",2,202,"Correlation",0.336339526762898
"christiannationalism_davis2021",2,202,"ACE",0.267062725532184
"christiannationalism_davis2021",2,202,"Original Relationality",0.0422068164084569
"christiannationalism_davis2021",2,202,"Recursive Relationality",0.182343226828345
"christiannationalism_davis2021",2,202,"Ensemble",0.351145547843571
"christiannationalism_davis2021",3,303,"eJaccard",0.619303609321978
"christiannationalism_davis2021",3,303,"Podani",0.275757185645628
"christiannationalism_davis2021",3,303,"Euclidean",0.545338829015818
"christiannationalism_davis2021",3,303,"Cosine",0.226114343528634
"christiannationalism_davis2021",3,303,"eDice",0.0720322185409641
"christiannationalism_davis2021",3,303,"Correlation",0.32878421990805
"christiannationalism_davis2021",3,303,"ACE",0.260865233903645
"christiannationalism_davis2021",3,303,"Original Relationality",0.124364438172216
"christiannationalism_davis2021",3,303,"Recursive Relationality",0.284158291325199
"christiannationalism_davis2021",3,303,"Ensemble",0.358793876003983
"consideration_future_consequences",2,202,"eJaccard",0.154057039734036
"consideration_future_consequences",2,202,"Podani",0.404721235731759
"consideration_future_consequences",2,202,"Euclidean",0.390983668478408
"consideration_future_consequences",2,202,"Cosine",0.175377946900107
"consideration_future_consequences",2,202,"eDice",0.0758763033250574
"consideration_future_consequences",2,202,"Correlation",0.147553450066826
"consideration_future_consequences",2,202,"ACE",0.164410141005955
"consideration_future_consequences",2,202,"Original Relationality",0.0933266906914086
"consideration_future_consequences",2,202,"Recursive Relationality",0.636906637500534
"consideration_future_consequences",2,202,"Ensemble",0.182748561401598
"conspiracy_asd__conspiracy_gcbs",1,101,"eJaccard",0.818091814552476
"conspiracy_asd__conspiracy_gcbs",1,101,"Podani",0.210457323849119
"conspiracy_asd__conspiracy_gcbs",1,101,"Euclidean",0.335991719080052
"conspiracy_asd__conspiracy_gcbs",1,101,"Cosine",0.241890932186004
"conspiracy_asd__conspiracy_gcbs",1,101,"eDice",0.0989418779798288
"conspiracy_asd__conspiracy_gcbs",1,101,"Correlation",0.201045185398011
"conspiracy_asd__conspiracy_gcbs",1,101,"ACE",0.302477762280157
"conspiracy_asd__conspiracy_gcbs",1,101,"Original Relationality",0.095137080669065
"conspiracy_asd__conspiracy_gcbs",1,101,"Recursive Relationality",0.086778942778074
"conspiracy_asd__conspiracy_gcbs",1,101,"Ensemble",0.35758767646374
"conspiracy_asd__conspiracy_gcbs",2,202,"eJaccard",0.842801589318422
"conspiracy_asd__conspiracy_gcbs",2,202,"Podani",0.229700227439743
"conspiracy_asd__conspiracy_gcbs",2,202,"Euclidean",0.334722959982697
"conspiracy_asd__conspiracy_gcbs",2,202,"Cosine",0.246875380103269
"conspiracy_asd__conspiracy_gcbs",2,202,"eDice",0.0598907352639334
"conspiracy_asd__conspiracy_gcbs",2,202,"Correlation",0.192104138194789
"conspiracy_asd__conspiracy_gcbs",2,202,"ACE",0.235032655730085
"conspiracy_asd__conspiracy_gcbs",2,202,"Original Relationality",0.0940150592637523
"conspiracy_asd__conspiracy_gcbs",2,202,"Recursive Relationality",0.0788833460590983
"conspiracy_asd__conspiracy_gcbs",2,202,"Ensemble",0.159503300779078
"conspiracy_asd__conspiracy_gcbs",3,303,"eJaccard",0.761913860493339
"conspiracy_asd__conspiracy_gcbs",3,303,"Podani",0.246923249887145
"conspiracy_asd__conspiracy_gcbs",3,303,"Euclidean",0.345307684699935
"conspiracy_asd__conspiracy_gcbs",3,303,"Cosine",0.251460043368125
"conspiracy_asd__conspiracy_gcbs",3,303,"eDice",0.0939845504659376
"conspiracy_asd__conspiracy_gcbs",3,303,"Correlation",0.225718855271248
"conspiracy_asd__conspiracy_gcbs",3,303,"ACE",0.278094734564149
"conspiracy_asd__conspiracy_gcbs",3,303,"Original Relationality",0.0852606439797851
"conspiracy_asd__conspiracy_gcbs",3,303,"Recursive Relationality",0.117312649471117
"conspiracy_asd__conspiracy_gcbs",3,303,"Ensemble",0.208009349257262
"daiku_2021_dirty_dozen",1,101,"eJaccard",0.0717522349966018
"daiku_2021_dirty_dozen",1,101,"Podani",0.00238414098729939
"daiku_2021_dirty_dozen",1,101,"Euclidean",0.137867515378423
"daiku_2021_dirty_dozen",1,101,"Cosine",0.11069017810453
"daiku_2021_dirty_dozen",1,101,"eDice",0.0349756109864133
"daiku_2021_dirty_dozen",1,101,"Correlation",0.0319340037713635
"daiku_2021_dirty_dozen",1,101,"ACE",0.0612105043521348
"daiku_2021_dirty_dozen",1,101,"Original Relationality",0.00470685226891835
"daiku_2021_dirty_dozen",1,101,"Recursive Relationality",0.0141865608924212
"daiku_2021_dirty_dozen",1,101,"Ensemble",0.00381695848471341
"daiku_2021_dirty_dozen",2,202,"eJaccard",0.0489808730773815
"daiku_2021_dirty_dozen",2,202,"Podani",0.00308694442235509
"daiku_2021_dirty_dozen",2,202,"Euclidean",0.271767706458728
"daiku_2021_dirty_dozen",2,202,"Cosine",0.109626372764981
"daiku_2021_dirty_dozen",2,202,"eDice",0.0181064951042652
"daiku_2021_dirty_dozen",2,202,"Correlation",0.0886869885152935
"daiku_2021_dirty_dozen",2,202,"ACE",0.0620570000549295
"daiku_2021_dirty_dozen",2,202,"Original Relationality",0.00577516529357499
"daiku_2021_dirty_dozen",2,202,"Recursive Relationality",0.0227395365622436
"daiku_2021_dirty_dozen",2,202,"Ensemble",0.044276541813753
"daiku_2021_dirty_dozen",3,303,"eJaccard",0.085067493305141
"daiku_2021_dirty_dozen",3,303,"Podani",0.0135306078777691
"daiku_2021_dirty_dozen",3,303,"Euclidean",0.230823394906091
"daiku_2021_dirty_dozen",3,303,"Cosine",0.152953823961742
"daiku_2021_dirty_dozen",3,303,"eDice",0.0168874559057612
"daiku_2021_dirty_dozen",3,303,"Correlation",0.0132369295328403
"daiku_2021_dirty_dozen",3,303,"ACE",0.021699313165358
"daiku_2021_dirty_dozen",3,303,"Original Relationality",0.0300945985360947
"daiku_2021_dirty_dozen",3,303,"Recursive Relationality",0.0268443622190651
"daiku_2021_dirty_dozen",3,303,"Ensemble",0.0147079262040356
"dong_2024_ccaiq",3,303,"eJaccard",0.0232341778525289
"dong_2024_ccaiq",3,303,"Podani",0.0661201525532914
"dong_2024_ccaiq",3,303,"Euclidean",0.400377691659281
"dong_2024_ccaiq",3,303,"Cosine",0.4306188637716
"dong_2024_ccaiq",3,303,"eDice",0.0036657018508641
"dong_2024_ccaiq",3,303,"Correlation",0.296552902234274
"dong_2024_ccaiq",3,303,"ACE",0.182188319448508
"dong_2024_ccaiq",3,303,"Original Relationality",0.105314971788162
"dong_2024_ccaiq",3,303,"Recursive Relationality",0.334551294505236
"dong_2024_ccaiq",3,303,"Ensemble",0.244849629633707
"dong_2024_engagement",1,101,"eJaccard",0.40025169427991
"dong_2024_engagement",1,101,"Podani",0.162415435048596
"dong_2024_engagement",1,101,"Euclidean",0.290247515602025
"dong_2024_engagement",1,101,"Cosine",0.265897554160572
"dong_2024_engagement",1,101,"eDice",0.170399738063122
"dong_2024_engagement",1,101,"Correlation",0.265906926150475
"dong_2024_engagement",1,101,"ACE",0.234310836349872
"dong_2024_engagement",1,101,"Original Relationality",0.0472501918001564
"dong_2024_engagement",1,101,"Recursive Relationality",0.309279124092536
"dong_2024_engagement",1,101,"Ensemble",0.291963310214716
"dong_2024_engagement",2,202,"eJaccard",0.40055196868338
"dong_2024_engagement",2,202,"Podani",0.191258863525587
"dong_2024_engagement",2,202,"Euclidean",0.334392722531907
"dong_2024_engagement",2,202,"Cosine",0.290542525216473
"dong_2024_engagement",2,202,"eDice",0.157550453912559
"dong_2024_engagement",2,202,"Correlation",0.277307583893393
"dong_2024_engagement",2,202,"ACE",0.204166556299921
"dong_2024_engagement",2,202,"Original Relationality",0.0724938976123815
"dong_2024_engagement",2,202,"Recursive Relationality",0.342794036528435
"dong_2024_engagement",2,202,"Ensemble",0.321115713283437
"dong_2024_engagement",3,303,"eJaccard",0.286101469345336
"dong_2024_engagement",3,303,"Podani",0.178935535970869
"dong_2024_engagement",3,303,"Euclidean",0.297262133460679
"dong_2024_engagement",3,303,"Cosine",0.283624144969251
"dong_2024_engagement",3,303,"eDice",0.152717302693399
"dong_2024_engagement",3,303,"Correlation",0.282877940681318
"dong_2024_engagement",3,303,"ACE",0.202307147076597
"dong_2024_engagement",3,303,"Original Relationality",0.0894434188872205
"dong_2024_engagement",3,303,"Recursive Relationality",0.348786302895354
"dong_2024_engagement",3,303,"Ensemble",0.322545687224829
"dopmeijer_2022_performance_pressure",3,303,"eJaccard",0.574219669898796
"dopmeijer_2022_performance_pressure",3,303,"Podani",0.0855900190800615
"dopmeijer_2022_performance_pressure",3,303,"Euclidean",0.108529077343596
"dopmeijer_2022_performance_pressure",3,303,"Cosine",0.165519171492591
"dopmeijer_2022_performance_pressure",3,303,"eDice",0.0671668543698945
"dopmeijer_2022_performance_pressure",3,303,"Correlation",0.0447511125180418
"dopmeijer_2022_performance_pressure",3,303,"ACE",0.0703536242616741
"dopmeijer_2022_performance_pressure",3,303,"Original Relationality",0.0462614895848734
"dopmeijer_2022_performance_pressure",3,303,"Recursive Relationality",0.0503106634822597
"dopmeijer_2022_performance_pressure",3,303,"Ensemble",0.0461219013512076
"dou2025_area",1,101,"eJaccard",0.261119795569902
"dou2025_area",1,101,"Podani",0.0428465135189073
"dou2025_area",1,101,"Euclidean",0.14749260880014
"dou2025_area",1,101,"Cosine",0.33787560502144
"dou2025_area",1,101,"eDice",0.144097866047776
"dou2025_area",1,101,"Correlation",0.0220172896923705
"dou2025_area",1,101,"ACE",0.0287572692391117
"dou2025_area",1,101,"Original Relationality",0.000159189226446739
"dou2025_area",1,101,"Recursive Relationality",0.0231302224159819
"dou2025_area",1,101,"Ensemble",0.0258071433206704
"dou2025_area",2,202,"eJaccard",0.261119795569902
"dou2025_area",2,202,"Podani",0.064286004478988
"dou2025_area",2,202,"Euclidean",0.14749260880014
"dou2025_area",2,202,"Cosine",0.439957503255478
"dou2025_area",2,202,"eDice",0.153835878302373
"dou2025_area",2,202,"Correlation",0.0230384665959933
"dou2025_area",2,202,"ACE",0.0320722036873016
"dou2025_area",2,202,"Original Relationality",0.0013192697815233
"dou2025_area",2,202,"Recursive Relationality",0.031594281744024
"dou2025_area",2,202,"Ensemble",0.0397997324052116
"dou2025_area",3,303,"eJaccard",0.443694861054078
"dou2025_area",3,303,"Podani",0.0484758008332678
"dou2025_area",3,303,"Euclidean",0.14749260880014
"dou2025_area",3,303,"Cosine",0.432309428243625
"dou2025_area",3,303,"eDice",0.144097866047776
"dou2025_area",3,303,"Correlation",0.0459491710028355
"dou2025_area",3,303,"ACE",0.0274036276931407
"dou2025_area",3,303,"Original Relationality",0.00864016881485562
"dou2025_area",3,303,"Recursive Relationality",0.0312085267861138
"dou2025_area",3,303,"Ensemble",0.0331752313275859
"feardriving_fisher2021",2,202,"eJaccard",0.117138718944826
"feardriving_fisher2021",2,202,"Podani",0.340192675479037
"feardriving_fisher2021",2,202,"Euclidean",0.355599365074811
"feardriving_fisher2021",2,202,"Cosine",0.934481477978684
"feardriving_fisher2021",2,202,"eDice",0.0969396647648585
"feardriving_fisher2021",2,202,"Correlation",0.0757484990743168
"feardriving_fisher2021",2,202,"ACE",0.104810230504133
"feardriving_fisher2021",2,202,"Original Relationality",0.248106105563102
"feardriving_fisher2021",2,202,"Recursive Relationality",0.186755621652573
"feardriving_fisher2021",2,202,"Ensemble",0.215619278287236
"feardriving_fisher2021",3,303,"eJaccard",0.111557160086114
"feardriving_fisher2021",3,303,"Podani",0.32596936130604
"feardriving_fisher2021",3,303,"Euclidean",0.341904110647674
"feardriving_fisher2021",3,303,"Cosine",0.937887342030598
"feardriving_fisher2021",3,303,"eDice",0.0972849230734614
"feardriving_fisher2021",3,303,"Correlation",0.113204309543491
"feardriving_fisher2021",3,303,"ACE",0.131923101275024
"feardriving_fisher2021",3,303,"Original Relationality",0.263715817272166
"feardriving_fisher2021",3,303,"Recursive Relationality",0.186755621652573
"feardriving_fisher2021",3,303,"Ensemble",0.161114490047022
"fivpei_perrig_2023_imi",1,101,"eJaccard",0.18977722952624
"fivpei_perrig_2023_imi",1,101,"Podani",0.157899869800697
"fivpei_perrig_2023_imi",1,101,"Euclidean",0.432940320755584
"fivpei_perrig_2023_imi",1,101,"Cosine",0.609587213498814
"fivpei_perrig_2023_imi",1,101,"eDice",0.111547395030605
"fivpei_perrig_2023_imi",1,101,"Correlation",0.223212222360422
"fivpei_perrig_2023_imi",1,101,"ACE",0.159500434798769
"fivpei_perrig_2023_imi",1,101,"Original Relationality",0.0516101897157914
"fivpei_perrig_2023_imi",1,101,"Recursive Relationality",0.0441143346112846
"fivpei_perrig_2023_imi",1,101,"Ensemble",0.117760136216419
"frikha_2023_pe_ms",1,101,"eJaccard",0.178195215100241
"frikha_2023_pe_ms",1,101,"Podani",0.232130983597512
"frikha_2023_pe_ms",1,101,"Euclidean",0.0784434019428132
"frikha_2023_pe_ms",1,101,"Cosine",0.412462886574604
"frikha_2023_pe_ms",1,101,"eDice",0.13700503248419
"frikha_2023_pe_ms",1,101,"Correlation",0.405429777648624
"frikha_2023_pe_ms",1,101,"ACE",0.417460238992841
"frikha_2023_pe_ms",1,101,"Original Relationality",0.121516785362479
"frikha_2023_pe_ms",1,101,"Recursive Relationality",0.334650289066181
"frikha_2023_pe_ms",1,101,"Ensemble",0.449515347614279
"frikha_2023_pe_ms",2,202,"eJaccard",0.194207826550435
"frikha_2023_pe_ms",2,202,"Podani",0.210542225930198
"frikha_2023_pe_ms",2,202,"Euclidean",0.0750757786564577
"frikha_2023_pe_ms",2,202,"Cosine",0.354431148753762
"frikha_2023_pe_ms",2,202,"eDice",0.114282229757952
"frikha_2023_pe_ms",2,202,"Correlation",0.408353674331115
"frikha_2023_pe_ms",2,202,"ACE",0.379417133439103
"frikha_2023_pe_ms",2,202,"Original Relationality",0.0504763867051262
"frikha_2023_pe_ms",2,202,"Recursive Relationality",0.373243480568652
"frikha_2023_pe_ms",2,202,"Ensemble",0.401998754957011
"frikha_2023_pe_ms",3,303,"eJaccard",0.203214520532793
"frikha_2023_pe_ms",3,303,"Podani",0.242703550060358
"frikha_2023_pe_ms",3,303,"Euclidean",0.0897806390318363
"frikha_2023_pe_ms",3,303,"Cosine",0.430064849508183
"frikha_2023_pe_ms",3,303,"eDice",0.113768563668857
"frikha_2023_pe_ms",3,303,"Correlation",0.459887412693063
"frikha_2023_pe_ms",3,303,"ACE",0.411102106152076
"frikha_2023_pe_ms",3,303,"Original Relationality",0.106479978045082
"frikha_2023_pe_ms",3,303,"Recursive Relationality",0.326361504594037
"frikha_2023_pe_ms",3,303,"Ensemble",0.470405961712506
"fukuda_2021_info_reliability",1,101,"eJaccard",0.349250143999395
"fukuda_2021_info_reliability",1,101,"Podani",0.0439329958180413
"fukuda_2021_info_reliability",1,101,"Euclidean",0.248159711727623
"fukuda_2021_info_reliability",1,101,"Cosine",0.322273670698613
"fukuda_2021_info_reliability",1,101,"eDice",0.00966973128782779
"fukuda_2021_info_reliability",1,101,"Correlation",0.112282419212548
"fukuda_2021_info_reliability",1,101,"ACE",0.0928246988808946
"fukuda_2021_info_reliability",1,101,"Original Relationality",0.0822187683705998
"fukuda_2021_info_reliability",1,101,"Recursive Relationality",0.0490405479983439
"fukuda_2021_info_reliability",1,101,"Ensemble",0.10676949645297
"fukuda_2021_info_reliability",2,202,"eJaccard",0.335281800876788
"fukuda_2021_info_reliability",2,202,"Podani",0.0880654953974593
"fukuda_2021_info_reliability",2,202,"Euclidean",0.226265510227523
"fukuda_2021_info_reliability",2,202,"Cosine",0.322383538795533
"fukuda_2021_info_reliability",2,202,"eDice",0.0125058914780411
"fukuda_2021_info_reliability",2,202,"Correlation",0.134951484228163
"fukuda_2021_info_reliability",2,202,"ACE",0.107713253333167
"fukuda_2021_info_reliability",2,202,"Original Relationality",0.101793500431665
"fukuda_2021_info_reliability",2,202,"Recursive Relationality",0.0569424045940491
"fukuda_2021_info_reliability",2,202,"Ensemble",0.124340590768448
"fukuda_2021_info_reliability",3,303,"eJaccard",0.347095245803882
"fukuda_2021_info_reliability",3,303,"Podani",0.0278877352509769
"fukuda_2021_info_reliability",3,303,"Euclidean",0.22429708475425
"fukuda_2021_info_reliability",3,303,"Cosine",0.325984035652032
"fukuda_2021_info_reliability",3,303,"eDice",0.0110801612930491
"fukuda_2021_info_reliability",3,303,"Correlation",0.116834449690379
"fukuda_2021_info_reliability",3,303,"ACE",0.100706645518364
"fukuda_2021_info_reliability",3,303,"Original Relationality",0.0998517821791255
"fukuda_2021_info_reliability",3,303,"Recursive Relationality",0.0547690986876806
"fukuda_2021_info_reliability",3,303,"Ensemble",0.133799123890407
"gillman_2023_pss",1,101,"eJaccard",0.468233449009778
"gillman_2023_pss",1,101,"Podani",0.40582125986458
"gillman_2023_pss",1,101,"Euclidean",0.347139373314032
"gillman_2023_pss",1,101,"Cosine",0.367698079857679
"gillman_2023_pss",1,101,"eDice",0.240850522870725
"gillman_2023_pss",1,101,"Correlation",0.224252467872228
"gillman_2023_pss",1,101,"ACE",0.315377918496287
"gillman_2023_pss",1,101,"Original Relationality",0.168109526202291
"gillman_2023_pss",1,101,"Recursive Relationality",0.606975703100936
"gillman_2023_pss",1,101,"Ensemble",0.336869813010346
"gillman_2023_pss",2,202,"eJaccard",0.474961979581017
"gillman_2023_pss",2,202,"Podani",0.412985632423103
"gillman_2023_pss",2,202,"Euclidean",0.347139373314032
"gillman_2023_pss",2,202,"Cosine",0.384254034385924
"gillman_2023_pss",2,202,"eDice",0.242571707800642
"gillman_2023_pss",2,202,"Correlation",0.19812400829542
"gillman_2023_pss",2,202,"ACE",0.323003537845231
"gillman_2023_pss",2,202,"Original Relationality",0.189802444660378
"gillman_2023_pss",2,202,"Recursive Relationality",0.599894309786013
"gillman_2023_pss",2,202,"Ensemble",0.289253279200675
"gillman_2023_pss",3,303,"eJaccard",0.477434307274722
"gillman_2023_pss",3,303,"Podani",0.445781305685822
"gillman_2023_pss",3,303,"Euclidean",0.327928405237693
"gillman_2023_pss",3,303,"Cosine",0.362773165377136
"gillman_2023_pss",3,303,"eDice",0.264733288000484
"gillman_2023_pss",3,303,"Correlation",0.217098200017353
"gillman_2023_pss",3,303,"ACE",0.324830214056954
"gillman_2023_pss",3,303,"Original Relationality",0.183844726166619
"gillman_2023_pss",3,303,"Recursive Relationality",0.593765181389207
"gillman_2023_pss",3,303,"Ensemble",0.361593346629316
"goksel_2026_embarrassment_puremorality",1,101,"eJaccard",0.68498246147387
"goksel_2026_embarrassment_puremorality",1,101,"Podani",0.0351329082549986
"goksel_2026_embarrassment_puremorality",1,101,"Euclidean",0.288746624405186
"goksel_2026_embarrassment_puremorality",1,101,"Cosine",0.452222072531987
"goksel_2026_embarrassment_puremorality",1,101,"eDice",0.45343730879069
"goksel_2026_embarrassment_puremorality",1,101,"Correlation",0.00366709430313895
"goksel_2026_embarrassment_puremorality",1,101,"ACE",0.0158575867830129
"goksel_2026_embarrassment_puremorality",1,101,"Original Relationality",0.0117755995853696
"goksel_2026_embarrassment_puremorality",1,101,"Recursive Relationality",0.00300271056682367
"goksel_2026_embarrassment_puremorality",1,101,"Ensemble",0.0294620352628651
"goksel_2026_embarrassment_puremorality",2,202,"eJaccard",0.679998348030561
"goksel_2026_embarrassment_puremorality",2,202,"Podani",0.0165893103361681
"goksel_2026_embarrassment_puremorality",2,202,"Euclidean",0.232112989643572
"goksel_2026_embarrassment_puremorality",2,202,"Cosine",0.452222072531987
"goksel_2026_embarrassment_puremorality",2,202,"eDice",0.454168400475205
"goksel_2026_embarrassment_puremorality",2,202,"Correlation",0.00721511748342878
"goksel_2026_embarrassment_puremorality",2,202,"ACE",0.0165273221184562
"goksel_2026_embarrassment_puremorality",2,202,"Original Relationality",0.0125438771991425
"goksel_2026_embarrassment_puremorality",2,202,"Recursive Relationality",0.00519740419322731
"goksel_2026_embarrassment_puremorality",2,202,"Ensemble",0.00853770579962425
"goksel_2026_embarrassment_puremorality",3,303,"eJaccard",0.686985699799195
"goksel_2026_embarrassment_puremorality",3,303,"Podani",0.0100295038075057
"goksel_2026_embarrassment_puremorality",3,303,"Euclidean",0.321590188773714
"goksel_2026_embarrassment_puremorality",3,303,"Cosine",0.452222072531987
"goksel_2026_embarrassment_puremorality",3,303,"eDice",0.454914679048251
"goksel_2026_embarrassment_puremorality",3,303,"Correlation",0.00679460339432012
"goksel_2026_embarrassment_puremorality",3,303,"ACE",0.016311657594249
"goksel_2026_embarrassment_puremorality",3,303,"Original Relationality",0.00899779600309543
"goksel_2026_embarrassment_puremorality",3,303,"Recursive Relationality",0.0146360827990534
"goksel_2026_embarrassment_puremorality",3,303,"Ensemble",0.00239231682037456
"grit_brummerhoffman_2021",1,101,"eJaccard",0.421286431113478
"grit_brummerhoffman_2021",1,101,"Podani",0.0376050709043599
"grit_brummerhoffman_2021",1,101,"Euclidean",0.247951238574837
"grit_brummerhoffman_2021",1,101,"Cosine",0.322503684936551
"grit_brummerhoffman_2021",1,101,"eDice",0.0487188889429291
"grit_brummerhoffman_2021",1,101,"Correlation",0.134298657045544
"grit_brummerhoffman_2021",1,101,"ACE",0.0995368793680571
"grit_brummerhoffman_2021",1,101,"Original Relationality",0.0540633154602621
"grit_brummerhoffman_2021",1,101,"Recursive Relationality",0.109642990432893
"grit_brummerhoffman_2021",1,101,"Ensemble",0.0823789211615571
"hao_2025_self_efficacy",1,101,"eJaccard",0.304166525295494
"hao_2025_self_efficacy",1,101,"Podani",0.0300198530697032
"hao_2025_self_efficacy",1,101,"Euclidean",0.049708792654854
"hao_2025_self_efficacy",1,101,"Cosine",0.315865365889404
"hao_2025_self_efficacy",1,101,"eDice",0.0963618946155499
"hao_2025_self_efficacy",1,101,"Correlation",0.0319115490089997
"hao_2025_self_efficacy",1,101,"ACE",0.0598308547089392
"hao_2025_self_efficacy",1,101,"Original Relationality",0.00249920955272212
"hao_2025_self_efficacy",1,101,"Recursive Relationality",0.0363018143796632
"hao_2025_self_efficacy",1,101,"Ensemble",0.0273445028820709
"hao_2025_self_efficacy",2,202,"eJaccard",0.307452034057628
"hao_2025_self_efficacy",2,202,"Podani",0.0217708845029363
"hao_2025_self_efficacy",2,202,"Euclidean",0.0405438350529558
"hao_2025_self_efficacy",2,202,"Cosine",0.37427634455695
"hao_2025_self_efficacy",2,202,"eDice",0.0941440394762873
"hao_2025_self_efficacy",2,202,"Correlation",0.0378275951003526
"hao_2025_self_efficacy",2,202,"ACE",0.0464889149897448
"hao_2025_self_efficacy",2,202,"Original Relationality",0.00524698213676112
"hao_2025_self_efficacy",2,202,"Recursive Relationality",0.0416255823807654
"hao_2025_self_efficacy",2,202,"Ensemble",0.0328663023114934
"hao_2025_self_efficacy",3,303,"eJaccard",0.184585124788857
"hao_2025_self_efficacy",3,303,"Podani",0.0200366625770948
"hao_2025_self_efficacy",3,303,"Euclidean",0.036456809136888
"hao_2025_self_efficacy",3,303,"Cosine",0.412734153057639
"hao_2025_self_efficacy",3,303,"eDice",0.0921217031757178
"hao_2025_self_efficacy",3,303,"Correlation",0.0302903288182359
"hao_2025_self_efficacy",3,303,"ACE",0.0431954216759096
"hao_2025_self_efficacy",3,303,"Original Relationality",0.00496203027368246
"hao_2025_self_efficacy",3,303,"Recursive Relationality",0.0213455102326341
"hao_2025_self_efficacy",3,303,"Ensemble",0.0114100491557629
"herrera_2018_se_d_items",1,101,"eJaccard",0.0878547353725803
"herrera_2018_se_d_items",1,101,"Podani",0.000597933235728006
"herrera_2018_se_d_items",1,101,"Euclidean",0.433777019056954
"herrera_2018_se_d_items",1,101,"Cosine",0.148526164766629
"herrera_2018_se_d_items",1,101,"eDice",0.0479078131155197
"herrera_2018_se_d_items",1,101,"Correlation",0.0177045650934397
"herrera_2018_se_d_items",1,101,"ACE",0.0134893359784708
"herrera_2018_se_d_items",1,101,"Original Relationality",0.0062160656399263
"herrera_2018_se_d_items",1,101,"Recursive Relationality",0.0116793110202431
"herrera_2018_se_d_items",1,101,"Ensemble",0.0154318107717391
"herrera_2018_se_d_items",2,202,"eJaccard",0.0815247682530582
"herrera_2018_se_d_items",2,202,"Podani",0.000288547196771601
"herrera_2018_se_d_items",2,202,"Euclidean",0.176906091029723
"herrera_2018_se_d_items",2,202,"Cosine",0.0865717733527815
"herrera_2018_se_d_items",2,202,"eDice",0.0503343051372413
"herrera_2018_se_d_items",2,202,"Correlation",0.00708360136412859
"herrera_2018_se_d_items",2,202,"ACE",0.0211474635730659
"herrera_2018_se_d_items",2,202,"Original Relationality",0.00983209713540045
"herrera_2018_se_d_items",2,202,"Recursive Relationality",0.00127278560222333
"herrera_2018_se_d_items",2,202,"Ensemble",0.0031897460786188
"herrera_2018_se_d_items",3,303,"eJaccard",0.0697168022732569
"herrera_2018_se_d_items",3,303,"Podani",0.00264485535780344
"herrera_2018_se_d_items",3,303,"Euclidean",0.173239596458867
"herrera_2018_se_d_items",3,303,"Cosine",0.111518000881363
"herrera_2018_se_d_items",3,303,"eDice",0.0477178782355959
"herrera_2018_se_d_items",3,303,"Correlation",0.0125311682595199
"herrera_2018_se_d_items",3,303,"ACE",0.0153555384257337
"herrera_2018_se_d_items",3,303,"Original Relationality",0.0119314479817873
"herrera_2018_se_d_items",3,303,"Recursive Relationality",0.00636772945812507
"herrera_2018_se_d_items",3,303,"Ensemble",0.0126773595028879
"imos_1994",1,101,"eJaccard",0.629814650307746
"imos_1994",1,101,"Podani",0.26500715303296
"imos_1994",1,101,"Euclidean",0.761435275717574
"imos_1994",1,101,"Cosine",0.183966939984584
"imos_1994",1,101,"eDice",0.149697299917477
"imos_1994",1,101,"Correlation",0.238562206486388
"imos_1994",1,101,"ACE",0.310396539014123
"imos_1994",1,101,"Original Relationality",0.0185504936984837
"imos_1994",1,101,"Recursive Relationality",0.273551270388347
"imos_1994",1,101,"Ensemble",0.267626625423441
"imos_1994",2,202,"eJaccard",0.5797973489268
"imos_1994",2,202,"Podani",0.311507861699596
"imos_1994",2,202,"Euclidean",0.74563785543557
"imos_1994",2,202,"Cosine",0.219415073784635
"imos_1994",2,202,"eDice",0.153888902200794
"imos_1994",2,202,"Correlation",0.244208067844501
"imos_1994",2,202,"ACE",0.279563979973745
"imos_1994",2,202,"Original Relationality",0.0336058488102406
"imos_1994",2,202,"Recursive Relationality",0.162388977571964
"imos_1994",2,202,"Ensemble",0.260873253337814
"imos_1994",3,303,"eJaccard",0.706323466181157
"imos_1994",3,303,"Podani",0.322704073474119
"imos_1994",3,303,"Euclidean",0.755055812099006
"imos_1994",3,303,"Cosine",0.213804149179325
"imos_1994",3,303,"eDice",0.176434939098755
"imos_1994",3,303,"Correlation",0.246208238957393
"imos_1994",3,303,"ACE",0.287814577926564
"imos_1994",3,303,"Original Relationality",0.0376499967596104
"imos_1994",3,303,"Recursive Relationality",0.255948164821178
"imos_1994",3,303,"Ensemble",0.290045663317077
"imos_1997",1,101,"eJaccard",0.00491470386325521
"imos_1997",1,101,"Podani",0.458177770854239
"imos_1997",1,101,"Euclidean",0.646692496584982
"imos_1997",1,101,"Cosine",0.211543759452821
"imos_1997",1,101,"eDice",0.00603072988387006
"imos_1997",1,101,"Correlation",0.465504067777061
"imos_1997",1,101,"ACE",0.476900511265044
"imos_1997",1,101,"Original Relationality",0.0469135963351575
"imos_1997",1,101,"Recursive Relationality",0.321401854351143
"imos_1997",1,101,"Ensemble",0.422625304943415
"imos_1997",2,202,"eJaccard",0.00588499293934926
"imos_1997",2,202,"Podani",0.433032617583025
"imos_1997",2,202,"Euclidean",0.754492358370423
"imos_1997",2,202,"Cosine",0.197782558346025
"imos_1997",2,202,"eDice",0.00694257784229889
"imos_1997",2,202,"Correlation",0.466313764638897
"imos_1997",2,202,"ACE",0.490332985396308
"imos_1997",2,202,"Original Relationality",0.049235704040287
"imos_1997",2,202,"Recursive Relationality",0.193708316881095
"imos_1997",2,202,"Ensemble",0.403261966729719
"imos_1997",3,303,"eJaccard",0.00588499293934926
"imos_1997",3,303,"Podani",0.448477622394004
"imos_1997",3,303,"Euclidean",0.755590754620085
"imos_1997",3,303,"Cosine",0.211543759452821
"imos_1997",3,303,"eDice",0.00603072988387006
"imos_1997",3,303,"Correlation",0.312468405574401
"imos_1997",3,303,"ACE",0.493255875242797
"imos_1997",3,303,"Original Relationality",0.0552900751332935
"imos_1997",3,303,"Recursive Relationality",0.30642065834101
"imos_1997",3,303,"Ensemble",0.288732495640625
"imos_2001",1,101,"eJaccard",0.143173224187079
"imos_2001",1,101,"Podani",0.424136321634851
"imos_2001",1,101,"Euclidean",0.587429942958012
"imos_2001",1,101,"Cosine",0.516374407337533
"imos_2001",1,101,"eDice",0.0312566409844453
"imos_2001",1,101,"Correlation",0.40005340841719
"imos_2001",1,101,"ACE",0.376631186432482
"imos_2001",1,101,"Original Relationality",0.282932329617366
"imos_2001",1,101,"Recursive Relationality",0.362236399155959
"imos_2001",1,101,"Ensemble",0.396885193227183
"imos_2001",2,202,"eJaccard",0.146959169145705
"imos_2001",2,202,"Podani",0.375811355854563
"imos_2001",2,202,"Euclidean",0.519802256126249
"imos_2001",2,202,"Cosine",0.500380184683035
"imos_2001",2,202,"eDice",0.0312566409844453
"imos_2001",2,202,"Correlation",0.405248180812819
"imos_2001",2,202,"ACE",0.405845563105084
"imos_2001",2,202,"Original Relationality",0.271206731403375
"imos_2001",2,202,"Recursive Relationality",0.362619806913308
"imos_2001",2,202,"Ensemble",0.360065238298386
"imos_2001",3,303,"eJaccard",0.154075412883635
"imos_2001",3,303,"Podani",0.396369631461178
"imos_2001",3,303,"Euclidean",0.632320681259065
"imos_2001",3,303,"Cosine",0.427020652297797
"imos_2001",3,303,"eDice",0.0339399646553172
"imos_2001",3,303,"Correlation",0.396554316111378
"imos_2001",3,303,"ACE",0.387153318766764
"imos_2001",3,303,"Original Relationality",0.278492953190409
"imos_2001",3,303,"Recursive Relationality",0.336777427215745
"imos_2001",3,303,"Ensemble",0.333795028595464
"imos_2003",1,101,"eJaccard",0.0544224219642156
"imos_2003",1,101,"Podani",0.525131362267441
"imos_2003",1,101,"Euclidean",0.517199279931087
"imos_2003",1,101,"Cosine",0.427219626621486
"imos_2003",1,101,"eDice",0.0370449848086341
"imos_2003",1,101,"Correlation",0.40652526450977
"imos_2003",1,101,"ACE",0.385614464547018
"imos_2003",1,101,"Original Relationality",0.153319445844475
"imos_2003",1,101,"Recursive Relationality",0.29067866537118
"imos_2003",1,101,"Ensemble",0.261231325769057
"imos_2003",2,202,"eJaccard",0.0524259296351108
"imos_2003",2,202,"Podani",0.250373345878184
"imos_2003",2,202,"Euclidean",0.517199279931087
"imos_2003",2,202,"Cosine",0.427219626621486
"imos_2003",2,202,"eDice",0.0370449848086341
"imos_2003",2,202,"Correlation",0.451277415102927
"imos_2003",2,202,"ACE",0.386643705189126
"imos_2003",2,202,"Original Relationality",0.125122933632434
"imos_2003",2,202,"Recursive Relationality",0.284239262907645
"imos_2003",2,202,"Ensemble",0.396458248544132
"imos_2003",3,303,"eJaccard",0.0496081633021304
"imos_2003",3,303,"Podani",0.476137984691669
"imos_2003",3,303,"Euclidean",0.517199279931087
"imos_2003",3,303,"Cosine",0.454222898932404
"imos_2003",3,303,"eDice",0.0370449848086341
"imos_2003",3,303,"Correlation",0.451277415102927
"imos_2003",3,303,"ACE",0.405851546142477
"imos_2003",3,303,"Original Relationality",0.136966881977253
"imos_2003",3,303,"Recursive Relationality",0.289817982605998
"imos_2003",3,303,"Ensemble",0.437451913734893
"imos_2007",1,101,"eJaccard",0.0702755141673354
"imos_2007",1,101,"Podani",0.389566589092626
"imos_2007",1,101,"Euclidean",0.423422102056682
"imos_2007",1,101,"Cosine",0.61705912607958
"imos_2007",1,101,"eDice",0.0254060167477531
"imos_2007",1,101,"Correlation",0.601124323141776
"imos_2007",1,101,"ACE",0.632932311507517
"imos_2007",1,101,"Original Relationality",0.0393591079796842
"imos_2007",1,101,"Recursive Relationality",0.382442971243534
"imos_2007",1,101,"Ensemble",0.170721278996487
"imos_2007",2,202,"eJaccard",0.0702755141673354
"imos_2007",2,202,"Podani",0.374533201674615
"imos_2007",2,202,"Euclidean",0.436867590282248
"imos_2007",2,202,"Cosine",0.61705912607958
"imos_2007",2,202,"eDice",0.00485149397315061
"imos_2007",2,202,"Correlation",0.602698921573296
"imos_2007",2,202,"ACE",0.632932311507517
"imos_2007",2,202,"Original Relationality",0.0369900123733127
"imos_2007",2,202,"Recursive Relationality",0.348109482592871
"imos_2007",2,202,"Ensemble",0.239727464809423
"imos_2007",3,303,"eJaccard",0.0687581638916011
"imos_2007",3,303,"Podani",0.466553101335356
"imos_2007",3,303,"Euclidean",0.435074960634725
"imos_2007",3,303,"Cosine",0.61705912607958
"imos_2007",3,303,"eDice",0.00566600496016282
"imos_2007",3,303,"Correlation",0.605841671511562
"imos_2007",3,303,"ACE",0.632932311507517
"imos_2007",3,303,"Original Relationality",0.0369900123733127
"imos_2007",3,303,"Recursive Relationality",0.386024380640419
"imos_2007",3,303,"Ensemble",0.240632533961146
"imos_2012",1,101,"eJaccard",0.062338594321286
"imos_2012",1,101,"Podani",0.206788544823371
"imos_2012",1,101,"Euclidean",0.381467185305992
"imos_2012",1,101,"Cosine",0.38087837215191
"imos_2012",1,101,"eDice",0.0325142992730509
"imos_2012",1,101,"Correlation",0.412188927275309
"imos_2012",1,101,"ACE",0.495517020568906
"imos_2012",1,101,"Original Relationality",0.0465410940241593
"imos_2012",1,101,"Recursive Relationality",0.438117798919869
"imos_2012",1,101,"Ensemble",0.413475660309393
"imos_2012",2,202,"eJaccard",0.062338594321286
"imos_2012",2,202,"Podani",0.184328504016582
"imos_2012",2,202,"Euclidean",0.377851624857999
"imos_2012",2,202,"Cosine",0.38087837215191
"imos_2012",2,202,"eDice",0.0297782299402386
"imos_2012",2,202,"Correlation",0.412188927275309
"imos_2012",2,202,"ACE",0.496856128529889
"imos_2012",2,202,"Original Relationality",0.0647373697932876
"imos_2012",2,202,"Recursive Relationality",0.425350311520711
"imos_2012",2,202,"Ensemble",0.422628677235425
"imos_2012",3,303,"eJaccard",0.0538647436141448
"imos_2012",3,303,"Podani",0.200974395011836
"imos_2012",3,303,"Euclidean",0.33874726177929
"imos_2012",3,303,"Cosine",0.384781475275079
"imos_2012",3,303,"eDice",0.00179424036863344
"imos_2012",3,303,"Correlation",0.412188927275309
"imos_2012",3,303,"ACE",0.495517020568906
"imos_2012",3,303,"Original Relationality",0.0597680499182039
"imos_2012",3,303,"Recursive Relationality",0.419516738147876
"imos_2012",3,303,"Ensemble",0.416935524718326
"imos_2015",1,101,"eJaccard",0.031131066148259
"imos_2015",1,101,"Podani",0.0860709327184337
"imos_2015",1,101,"Euclidean",0.0615756890550405
"imos_2015",1,101,"Cosine",0.660255842385646
"imos_2015",1,101,"eDice",0.0270513998546185
"imos_2015",1,101,"Correlation",0.389203575819674
"imos_2015",1,101,"ACE",0.401756826130029
"imos_2015",1,101,"Original Relationality",0.103660874116619
"imos_2015",1,101,"Recursive Relationality",0.500280027405337
"imos_2015",1,101,"Ensemble",0.182759566477383
"imos_2015",2,202,"eJaccard",0.031131066148259
"imos_2015",2,202,"Podani",0.0744320342438646
"imos_2015",2,202,"Euclidean",0.212126114101705
"imos_2015",2,202,"Cosine",0.660255842385646
"imos_2015",2,202,"eDice",0.0274533770198493
"imos_2015",2,202,"Correlation",0.406269912074605
"imos_2015",2,202,"ACE",0.39900847522894
"imos_2015",2,202,"Original Relationality",0.0112308472850254
"imos_2015",2,202,"Recursive Relationality",0.154347826256192
"imos_2015",2,202,"Ensemble",0.150505723262835
"imos_2015",3,303,"eJaccard",0.031131066148259
"imos_2015",3,303,"Podani",0.0659462755832658
"imos_2015",3,303,"Euclidean",0.0856509180906378
"imos_2015",3,303,"Cosine",0.659784811447569
"imos_2015",3,303,"eDice",0.0274533770198493
"imos_2015",3,303,"Correlation",0.367970703757455
"imos_2015",3,303,"ACE",0.395679591611054
"imos_2015",3,303,"Original Relationality",0.103660874116619
"imos_2015",3,303,"Recursive Relationality",0.473341037517537
"imos_2015",3,303,"Ensemble",0.185740373071462
"karajko2025_ai_benefit",1,101,"eJaccard",0.729400591662759
"karajko2025_ai_benefit",1,101,"Podani",0.0568920007261982
"karajko2025_ai_benefit",1,101,"Euclidean",0.301043501827483
"karajko2025_ai_benefit",1,101,"Cosine",0.070307519799692
"karajko2025_ai_benefit",1,101,"eDice",0.0806824962845235
"karajko2025_ai_benefit",1,101,"Correlation",0.0809125362270241
"karajko2025_ai_benefit",1,101,"ACE",0.0834370291805522
"karajko2025_ai_benefit",1,101,"Original Relationality",0.0529291669659222
"karajko2025_ai_benefit",1,101,"Recursive Relationality",0.103737210186516
"karajko2025_ai_benefit",1,101,"Ensemble",0.0593799908774227
"karajko2025_ai_benefit",2,202,"eJaccard",0.729400591662759
"karajko2025_ai_benefit",2,202,"Podani",0.050534178193776
"karajko2025_ai_benefit",2,202,"Euclidean",0.290501958426189
"karajko2025_ai_benefit",2,202,"Cosine",0.0759083731382663
"karajko2025_ai_benefit",2,202,"eDice",0.0887032686299067
"karajko2025_ai_benefit",2,202,"Correlation",0.0660808799526468
"karajko2025_ai_benefit",2,202,"ACE",0.0655567329972509
"karajko2025_ai_benefit",2,202,"Original Relationality",0.0633682503999144
"karajko2025_ai_benefit",2,202,"Recursive Relationality",0.0754548482664965
"karajko2025_ai_benefit",2,202,"Ensemble",0.119215355772526
"karajko2025_ai_benefit",3,303,"eJaccard",0.654913316098796
"karajko2025_ai_benefit",3,303,"Podani",0.0586041532387768
"karajko2025_ai_benefit",3,303,"Euclidean",0.285251363434006
"karajko2025_ai_benefit",3,303,"Cosine",0.0855506668807324
"karajko2025_ai_benefit",3,303,"eDice",0.0807590872290631
"karajko2025_ai_benefit",3,303,"Correlation",0.0986879867519541
"karajko2025_ai_benefit",3,303,"ACE",0.0773770355782403
"karajko2025_ai_benefit",3,303,"Original Relationality",0.0650072800282223
"karajko2025_ai_benefit",3,303,"Recursive Relationality",0.0319941335366099
"karajko2025_ai_benefit",3,303,"Ensemble",0.0204219133112386
"karajko2025_ai_governance",1,101,"eJaccard",0.458833317686227
"karajko2025_ai_governance",1,101,"Podani",0.0617081810642359
"karajko2025_ai_governance",1,101,"Euclidean",0.461223162369899
"karajko2025_ai_governance",1,101,"Cosine",0.412275798401199
"karajko2025_ai_governance",1,101,"eDice",0.294931575192055
"karajko2025_ai_governance",1,101,"Correlation",0.0508556789868418
"karajko2025_ai_governance",1,101,"ACE",0.0438808367924658
"karajko2025_ai_governance",1,101,"Original Relationality",0.0655920515169865
"karajko2025_ai_governance",1,101,"Recursive Relationality",0.0396146160030688
"karajko2025_ai_governance",1,101,"Ensemble",0.049718166754929
"karajko2025_ai_governance",2,202,"eJaccard",0.480672873971595
"karajko2025_ai_governance",2,202,"Podani",0.0569005327424237
"karajko2025_ai_governance",2,202,"Euclidean",0.289711440242988
"karajko2025_ai_governance",2,202,"Cosine",0.412275798401199
"karajko2025_ai_governance",2,202,"eDice",0.296983052793407
"karajko2025_ai_governance",2,202,"Correlation",0.0588289065374982
"karajko2025_ai_governance",2,202,"ACE",0.045969955190747
"karajko2025_ai_governance",2,202,"Original Relationality",0.0719178704196
"karajko2025_ai_governance",2,202,"Recursive Relationality",0.0561640944960864
"karajko2025_ai_governance",2,202,"Ensemble",0.0484873863350303
"karajko2025_ai_governance",3,303,"eJaccard",0.497390999749746
"karajko2025_ai_governance",3,303,"Podani",0.0678138500764923
"karajko2025_ai_governance",3,303,"Euclidean",0.33460665732172
"karajko2025_ai_governance",3,303,"Cosine",0.419485029055177
"karajko2025_ai_governance",3,303,"eDice",0.317671254672559
"karajko2025_ai_governance",3,303,"Correlation",0.054691798655723
"karajko2025_ai_governance",3,303,"ACE",0.043402981996254
"karajko2025_ai_governance",3,303,"Original Relationality",0.0593309704368635
"karajko2025_ai_governance",3,303,"Recursive Relationality",0.0485678391633383
"karajko2025_ai_governance",3,303,"Ensemble",0.0482568019458945
"liu_2025_learning_motivation",3,303,"eJaccard",0.532771371913588
"liu_2025_learning_motivation",3,303,"Podani",0.09650778588441
"liu_2025_learning_motivation",3,303,"Euclidean",0.0718292077978185
"liu_2025_learning_motivation",3,303,"Cosine",0.423231793983227
"liu_2025_learning_motivation",3,303,"eDice",0.397874254892303
"liu_2025_learning_motivation",3,303,"Correlation",0.200818900588812
"liu_2025_learning_motivation",3,303,"ACE",0.194221389840289
"liu_2025_learning_motivation",3,303,"Original Relationality",0.0627111376722593
"liu_2025_learning_motivation",3,303,"Recursive Relationality",0.196483650471262
"liu_2025_learning_motivation",3,303,"Ensemble",0.213868620592803
"lorenz_2016_optimism2",1,101,"eJaccard",0.319589634306533
"lorenz_2016_optimism2",1,101,"Podani",0.0582016634230072
"lorenz_2016_optimism2",1,101,"Euclidean",0.152141118428691
"lorenz_2016_optimism2",1,101,"Cosine",0.173518024087469
"lorenz_2016_optimism2",1,101,"eDice",0.229250561604085
"lorenz_2016_optimism2",1,101,"Correlation",0.18702532725101
"lorenz_2016_optimism2",1,101,"ACE",0.0773035853532059
"lorenz_2016_optimism2",1,101,"Original Relationality",0.0450357123020955
"lorenz_2016_optimism2",1,101,"Recursive Relationality",0.12363437650022
"lorenz_2016_optimism2",1,101,"Ensemble",0.117385984799501
"lorenz_2016_optimism2",2,202,"eJaccard",0.362460881606323
"lorenz_2016_optimism2",2,202,"Podani",0.0443588255718325
"lorenz_2016_optimism2",2,202,"Euclidean",0.162398384248711
"lorenz_2016_optimism2",2,202,"Cosine",0.201896276334559
"lorenz_2016_optimism2",2,202,"eDice",0.203497303104392
"lorenz_2016_optimism2",2,202,"Correlation",0.133689084432193
"lorenz_2016_optimism2",2,202,"ACE",0.110718527593486
"lorenz_2016_optimism2",2,202,"Original Relationality",0.0464340852790773
"lorenz_2016_optimism2",2,202,"Recursive Relationality",0.142231385366695
"lorenz_2016_optimism2",2,202,"Ensemble",0.0995850260821241
"lorenz_2016_optimism2",3,303,"eJaccard",0.314760692156664
"lorenz_2016_optimism2",3,303,"Podani",0.0570262788837467
"lorenz_2016_optimism2",3,303,"Euclidean",0.184393003797392
"lorenz_2016_optimism2",3,303,"Cosine",0.247152577966087
"lorenz_2016_optimism2",3,303,"eDice",0.186322073316139
"lorenz_2016_optimism2",3,303,"Correlation",0.180847351846359
"lorenz_2016_optimism2",3,303,"ACE",0.132555733680953
"lorenz_2016_optimism2",3,303,"Original Relationality",0.0726040059156002
"lorenz_2016_optimism2",3,303,"Recursive Relationality",0.138788502834835
"lorenz_2016_optimism2",3,303,"Ensemble",0.247887896897762
"merlo2025_eet",2,202,"eJaccard",0.253427473427544
"merlo2025_eet",2,202,"Podani",0.354482984171984
"merlo2025_eet",2,202,"Euclidean",0.409406921679262
"merlo2025_eet",2,202,"Cosine",0.695704570900907
"merlo2025_eet",2,202,"eDice",0.221162270116245
"merlo2025_eet",2,202,"Correlation",0.0984128958204238
"merlo2025_eet",2,202,"ACE",0.117729708299312
"merlo2025_eet",2,202,"Original Relationality",0.326833373403943
"merlo2025_eet",2,202,"Recursive Relationality",0.196832932137361
"merlo2025_eet",2,202,"Ensemble",0.195837793565112
"namprb_siwiak_2024_gcbs",1,101,"eJaccard",0.349108308070043
"namprb_siwiak_2024_gcbs",1,101,"Podani",0.293556635957694
"namprb_siwiak_2024_gcbs",1,101,"Euclidean",0.319215906060866
"namprb_siwiak_2024_gcbs",1,101,"Cosine",0.295096396837245
"namprb_siwiak_2024_gcbs",1,101,"eDice",0.213307665224254
"namprb_siwiak_2024_gcbs",1,101,"Correlation",0.188231742552569
"namprb_siwiak_2024_gcbs",1,101,"ACE",0.144450074208685
"namprb_siwiak_2024_gcbs",1,101,"Original Relationality",0.0777820959605338
"namprb_siwiak_2024_gcbs",1,101,"Recursive Relationality",0.0380139805022509
"namprb_siwiak_2024_gcbs",1,101,"Ensemble",0.234700438833556
"namprb_siwiak_2024_gcbs",2,202,"eJaccard",0.351692634597642
"namprb_siwiak_2024_gcbs",2,202,"Podani",0.27886223432688
"namprb_siwiak_2024_gcbs",2,202,"Euclidean",0.212852517038201
"namprb_siwiak_2024_gcbs",2,202,"Cosine",0.295406083235081
"namprb_siwiak_2024_gcbs",2,202,"eDice",0.186548345958101
"namprb_siwiak_2024_gcbs",2,202,"Correlation",0.185117339132084
"namprb_siwiak_2024_gcbs",2,202,"ACE",0.156191265890019
"namprb_siwiak_2024_gcbs",2,202,"Original Relationality",0.0726862418108993
"namprb_siwiak_2024_gcbs",2,202,"Recursive Relationality",0.0646029351143731
"namprb_siwiak_2024_gcbs",2,202,"Ensemble",0.193854675829934
"namprb_siwiak_2024_gcbs",3,303,"eJaccard",0.34475256367457
"namprb_siwiak_2024_gcbs",3,303,"Podani",0.261946925267555
"namprb_siwiak_2024_gcbs",3,303,"Euclidean",0.212852517038201
"namprb_siwiak_2024_gcbs",3,303,"Cosine",0.321294075524534
"namprb_siwiak_2024_gcbs",3,303,"eDice",0.219963575748793
"namprb_siwiak_2024_gcbs",3,303,"Correlation",0.132407840684621
"namprb_siwiak_2024_gcbs",3,303,"ACE",0.144450074208685
"namprb_siwiak_2024_gcbs",3,303,"Original Relationality",0.0638576807223822
"namprb_siwiak_2024_gcbs",3,303,"Recursive Relationality",0.0406999589692333
"namprb_siwiak_2024_gcbs",3,303,"Ensemble",0.205867878886054
"nas_rogoza_2024_study2_ngs",1,101,"eJaccard",0.432224497158615
"nas_rogoza_2024_study2_ngs",1,101,"Podani",0.164936440354754
"nas_rogoza_2024_study2_ngs",1,101,"Euclidean",0.421192455808249
"nas_rogoza_2024_study2_ngs",1,101,"Cosine",0.411480879815323
"nas_rogoza_2024_study2_ngs",1,101,"eDice",0.234811582923932
"nas_rogoza_2024_study2_ngs",1,101,"Correlation",0.0464297102348486
"nas_rogoza_2024_study2_ngs",1,101,"ACE",0.0905369869600045
"nas_rogoza_2024_study2_ngs",1,101,"Original Relationality",0.0856646483950345
"nas_rogoza_2024_study2_ngs",1,101,"Recursive Relationality",0.0685557620499093
"nas_rogoza_2024_study2_ngs",1,101,"Ensemble",0.269131255448815
"nas_rogoza_2024_study2_ngs",2,202,"eJaccard",0.432224497158615
"nas_rogoza_2024_study2_ngs",2,202,"Podani",0.18787805964512
"nas_rogoza_2024_study2_ngs",2,202,"Euclidean",0.492587984216867
"nas_rogoza_2024_study2_ngs",2,202,"Cosine",0.419392523639608
"nas_rogoza_2024_study2_ngs",2,202,"eDice",0.23045290311744
"nas_rogoza_2024_study2_ngs",2,202,"Correlation",0.063291240824978
"nas_rogoza_2024_study2_ngs",2,202,"ACE",0.0828898644582491
"nas_rogoza_2024_study2_ngs",2,202,"Original Relationality",0.0929292036931152
"nas_rogoza_2024_study2_ngs",2,202,"Recursive Relationality",0.0574071025914743
"nas_rogoza_2024_study2_ngs",2,202,"Ensemble",0.115211458575435
"nas_rogoza_2024_study2_ngs",3,303,"eJaccard",0.449207414386342
"nas_rogoza_2024_study2_ngs",3,303,"Podani",0.230549093331314
"nas_rogoza_2024_study2_ngs",3,303,"Euclidean",0.421381763604776
"nas_rogoza_2024_study2_ngs",3,303,"Cosine",0.377264601487569
"nas_rogoza_2024_study2_ngs",3,303,"eDice",0.224777039528677
"nas_rogoza_2024_study2_ngs",3,303,"Correlation",0.100824561053569
"nas_rogoza_2024_study2_ngs",3,303,"ACE",0.0553498845893218
"nas_rogoza_2024_study2_ngs",3,303,"Original Relationality",0.0856646483950345
"nas_rogoza_2024_study2_ngs",3,303,"Recursive Relationality",0.0527545147373066
"nas_rogoza_2024_study2_ngs",3,303,"Ensemble",0.227562633156737
"odachi_2022_fear_covid19",1,101,"eJaccard",0.0524723179832969
"odachi_2022_fear_covid19",1,101,"Podani",0.0826097841629057
"odachi_2022_fear_covid19",1,101,"Euclidean",0.0532636400272852
"odachi_2022_fear_covid19",1,101,"Cosine",0.715613903891044
"odachi_2022_fear_covid19",1,101,"eDice",0.0265072708296335
"odachi_2022_fear_covid19",1,101,"Correlation",0.170462882790997
"odachi_2022_fear_covid19",1,101,"ACE",0.049867928510838
"odachi_2022_fear_covid19",1,101,"Original Relationality",0.0317044957185406
"odachi_2022_fear_covid19",1,101,"Recursive Relationality",0.13976490612714
"odachi_2022_fear_covid19",1,101,"Ensemble",0.0542295948031131
"odachi_2022_fear_covid19",2,202,"eJaccard",0.0177684486679705
"odachi_2022_fear_covid19",2,202,"Podani",0.036284560129403
"odachi_2022_fear_covid19",2,202,"Euclidean",0.176814028135612
"odachi_2022_fear_covid19",2,202,"Cosine",0.712103705618855
"odachi_2022_fear_covid19",2,202,"eDice",0.00514336527061987
"odachi_2022_fear_covid19",2,202,"Correlation",0.179019314491745
"odachi_2022_fear_covid19",2,202,"ACE",0.0532035888425406
"odachi_2022_fear_covid19",2,202,"Original Relationality",0.0498976698669919
"odachi_2022_fear_covid19",2,202,"Recursive Relationality",0.0906492459433133
"odachi_2022_fear_covid19",2,202,"Ensemble",0.06264717292523
"odachi_2022_fear_covid19",3,303,"eJaccard",0.0398090232963788
"odachi_2022_fear_covid19",3,303,"Podani",0.066175424222228
"odachi_2022_fear_covid19",3,303,"Euclidean",0.154549524680463
"odachi_2022_fear_covid19",3,303,"Cosine",0.679064206827591
"odachi_2022_fear_covid19",3,303,"eDice",0.000487841216459728
"odachi_2022_fear_covid19",3,303,"Correlation",0.177408551844827
"odachi_2022_fear_covid19",3,303,"ACE",0.0532035888425406
"odachi_2022_fear_covid19",3,303,"Original Relationality",0.0577835198903799
"odachi_2022_fear_covid19",3,303,"Recursive Relationality",0.128975305596112
"odachi_2022_fear_covid19",3,303,"Ensemble",0.0495448961117753
"ozkurt_2026_continuance_intention",1,101,"eJaccard",0.0949450324499952
"ozkurt_2026_continuance_intention",1,101,"Podani",0.409434818487107
"ozkurt_2026_continuance_intention",1,101,"Euclidean",0.423772722138106
"ozkurt_2026_continuance_intention",1,101,"Cosine",0.591615035255515
"ozkurt_2026_continuance_intention",1,101,"eDice",0.0315948215790869
"ozkurt_2026_continuance_intention",1,101,"Correlation",0.534288089099758
"ozkurt_2026_continuance_intention",1,101,"ACE",0.454702176270139
"ozkurt_2026_continuance_intention",1,101,"Original Relationality",0.0841172408154716
"ozkurt_2026_continuance_intention",1,101,"Recursive Relationality",0.472502838584284
"ozkurt_2026_continuance_intention",1,101,"Ensemble",0.489993940440832
"ozkurt_2026_continuance_intention",2,202,"eJaccard",0.0765243376731348
"ozkurt_2026_continuance_intention",2,202,"Podani",0.432793222598602
"ozkurt_2026_continuance_intention",2,202,"Euclidean",0.154604403488381
"ozkurt_2026_continuance_intention",2,202,"Cosine",0.60987708303735
"ozkurt_2026_continuance_intention",2,202,"eDice",0.0315948215790869
"ozkurt_2026_continuance_intention",2,202,"Correlation",0.501640046051015
"ozkurt_2026_continuance_intention",2,202,"ACE",0.481894302702672
"ozkurt_2026_continuance_intention",2,202,"Original Relationality",0.0369787173507043
"ozkurt_2026_continuance_intention",2,202,"Recursive Relationality",0.4491572959024
"ozkurt_2026_continuance_intention",2,202,"Ensemble",0.462710735313545
"ozkurt_2026_continuance_intention",3,303,"eJaccard",0.0899349277470259
"ozkurt_2026_continuance_intention",3,303,"Podani",0.398497499655194
"ozkurt_2026_continuance_intention",3,303,"Euclidean",0.174752534352352
"ozkurt_2026_continuance_intention",3,303,"Cosine",0.563816648755504
"ozkurt_2026_continuance_intention",3,303,"eDice",0.0579439372648023
"ozkurt_2026_continuance_intention",3,303,"Correlation",0.495393383223456
"ozkurt_2026_continuance_intention",3,303,"ACE",0.472477461888804
"ozkurt_2026_continuance_intention",3,303,"Original Relationality",0.206675933805037
"ozkurt_2026_continuance_intention",3,303,"Recursive Relationality",0.434592268666323
"ozkurt_2026_continuance_intention",3,303,"Ensemble",0.534466885753495
"ozkurt_2026_paces_enjoyment",1,101,"eJaccard",0.578143766815173
"ozkurt_2026_paces_enjoyment",1,101,"Podani",0.160868419028562
"ozkurt_2026_paces_enjoyment",1,101,"Euclidean",0.529287098752529
"ozkurt_2026_paces_enjoyment",1,101,"Cosine",0.718006817356974
"ozkurt_2026_paces_enjoyment",1,101,"eDice",0.38915049886839
"ozkurt_2026_paces_enjoyment",1,101,"Correlation",0.0875663372676592
"ozkurt_2026_paces_enjoyment",1,101,"ACE",0.0429209657512099
"ozkurt_2026_paces_enjoyment",1,101,"Original Relationality",0.0124942263302228
"ozkurt_2026_paces_enjoyment",1,101,"Recursive Relationality",0.0202327866900499
"ozkurt_2026_paces_enjoyment",1,101,"Ensemble",0.186883331195856
"ozkurt_2026_paces_enjoyment",2,202,"eJaccard",0.582452144301078
"ozkurt_2026_paces_enjoyment",2,202,"Podani",0.242969219985993
"ozkurt_2026_paces_enjoyment",2,202,"Euclidean",0.422747699144103
"ozkurt_2026_paces_enjoyment",2,202,"Cosine",0.725759260151642
"ozkurt_2026_paces_enjoyment",2,202,"eDice",0.385286912682906
"ozkurt_2026_paces_enjoyment",2,202,"Correlation",0.0807555012555433
"ozkurt_2026_paces_enjoyment",2,202,"ACE",0.0428049774156129
"ozkurt_2026_paces_enjoyment",2,202,"Original Relationality",0.0232195065917718
"ozkurt_2026_paces_enjoyment",2,202,"Recursive Relationality",0.0538612126701792
"ozkurt_2026_paces_enjoyment",2,202,"Ensemble",0.187681653529303
"ozkurt_2026_paces_enjoyment",3,303,"eJaccard",0.580174301222926
"ozkurt_2026_paces_enjoyment",3,303,"Podani",0.246075790262833
"ozkurt_2026_paces_enjoyment",3,303,"Euclidean",0.424165993030869
"ozkurt_2026_paces_enjoyment",3,303,"Cosine",0.715471657701777
"ozkurt_2026_paces_enjoyment",3,303,"eDice",0.384072397478475
"ozkurt_2026_paces_enjoyment",3,303,"Correlation",0.0762941924516134
"ozkurt_2026_paces_enjoyment",3,303,"ACE",0.0560561012777942
"ozkurt_2026_paces_enjoyment",3,303,"Original Relationality",0.0110911470323405
"ozkurt_2026_paces_enjoyment",3,303,"Recursive Relationality",0.0232275235426619
"ozkurt_2026_paces_enjoyment",3,303,"Ensemble",0.103594974606568
"pavic_2022_vaccine_conspiracy",1,101,"eJaccard",0.34678132773029
"pavic_2022_vaccine_conspiracy",1,101,"Podani",0.154155918571445
"pavic_2022_vaccine_conspiracy",1,101,"Euclidean",0.436687141175956
"pavic_2022_vaccine_conspiracy",1,101,"Cosine",0.201694277547916
"pavic_2022_vaccine_conspiracy",1,101,"eDice",0.0805319483841869
"pavic_2022_vaccine_conspiracy",1,101,"Correlation",0.120186602794894
"pavic_2022_vaccine_conspiracy",1,101,"ACE",0.11810198461467
"pavic_2022_vaccine_conspiracy",1,101,"Original Relationality",0.104545472368746
"pavic_2022_vaccine_conspiracy",1,101,"Recursive Relationality",0.0813759134990891
"pavic_2022_vaccine_conspiracy",1,101,"Ensemble",0.118987978473881
"pavic_2022_vaccine_conspiracy",2,202,"eJaccard",0.297441500780857
"pavic_2022_vaccine_conspiracy",2,202,"Podani",0.143808484098232
"pavic_2022_vaccine_conspiracy",2,202,"Euclidean",0.588605008668108
"pavic_2022_vaccine_conspiracy",2,202,"Cosine",0.290268695730565
"pavic_2022_vaccine_conspiracy",2,202,"eDice",0.0648741325375366
"pavic_2022_vaccine_conspiracy",2,202,"Correlation",0.0902686387232881
"pavic_2022_vaccine_conspiracy",2,202,"ACE",0.109091847469101
"pavic_2022_vaccine_conspiracy",2,202,"Original Relationality",0.114523570291805
"pavic_2022_vaccine_conspiracy",2,202,"Recursive Relationality",0.082154598649029
"pavic_2022_vaccine_conspiracy",2,202,"Ensemble",0.173546644585156
"pavic_2022_vaccine_conspiracy",3,303,"eJaccard",0.331622201968071
"pavic_2022_vaccine_conspiracy",3,303,"Podani",0.121398021837063
"pavic_2022_vaccine_conspiracy",3,303,"Euclidean",0.443932868126122
"pavic_2022_vaccine_conspiracy",3,303,"Cosine",0.202513801367076
"pavic_2022_vaccine_conspiracy",3,303,"eDice",0.0746598373470459
"pavic_2022_vaccine_conspiracy",3,303,"Correlation",0.121006185290453
"pavic_2022_vaccine_conspiracy",3,303,"ACE",0.120009270399695
"pavic_2022_vaccine_conspiracy",3,303,"Original Relationality",0.109999604804766
"pavic_2022_vaccine_conspiracy",3,303,"Recursive Relationality",0.0776861903325917
"pavic_2022_vaccine_conspiracy",3,303,"Ensemble",0.0961139381199629
"pecino_2018_extrarole_wfb",1,101,"eJaccard",0.128214011117121
"pecino_2018_extrarole_wfb",1,101,"Podani",0.109227543476569
"pecino_2018_extrarole_wfb",1,101,"Euclidean",0.124073348648996
"pecino_2018_extrarole_wfb",1,101,"Cosine",0.503332641457441
"pecino_2018_extrarole_wfb",1,101,"eDice",0.0420986488573859
"pecino_2018_extrarole_wfb",1,101,"Correlation",0.221495785440116
"pecino_2018_extrarole_wfb",1,101,"ACE",0.121034788914136
"pecino_2018_extrarole_wfb",1,101,"Original Relationality",0.0260285034257151
"pecino_2018_extrarole_wfb",1,101,"Recursive Relationality",0.248946227900821
"pecino_2018_extrarole_wfb",1,101,"Ensemble",0.170043487087407
"pezzuti_2025_coolpeople_single-items",2,202,"eJaccard",0.260050013310284
"pezzuti_2025_coolpeople_single-items",2,202,"Podani",0.284438523411759
"pezzuti_2025_coolpeople_single-items",2,202,"Euclidean",0.29707214648977
"pezzuti_2025_coolpeople_single-items",2,202,"Cosine",0.197329847056182
"pezzuti_2025_coolpeople_single-items",2,202,"eDice",0.136545830881244
"pezzuti_2025_coolpeople_single-items",2,202,"Correlation",0.221443676251568
"pezzuti_2025_coolpeople_single-items",2,202,"ACE",0.202662651631487
"pezzuti_2025_coolpeople_single-items",2,202,"Original Relationality",0.0664737462578705
"pezzuti_2025_coolpeople_single-items",2,202,"Recursive Relationality",0.196424586652685
"pezzuti_2025_coolpeople_single-items",2,202,"Ensemble",0.236613046541082
"rfq8_wozniakprus_2022",1,101,"eJaccard",0.723107399885823
"rfq8_wozniakprus_2022",1,101,"Podani",0.155086075061714
"rfq8_wozniakprus_2022",1,101,"Euclidean",0.243025835956541
"rfq8_wozniakprus_2022",1,101,"Cosine",0.0699348569930632
"rfq8_wozniakprus_2022",1,101,"eDice",0.0325273133043606
"rfq8_wozniakprus_2022",1,101,"Correlation",0.0494332512220309
"rfq8_wozniakprus_2022",1,101,"ACE",0.0185924623898138
"rfq8_wozniakprus_2022",1,101,"Original Relationality",0.0765568432798953
"rfq8_wozniakprus_2022",1,101,"Recursive Relationality",0.0768164889402876
"rfq8_wozniakprus_2022",1,101,"Ensemble",0.0849398624987806
"rfq8_wozniakprus_2022",2,202,"eJaccard",0.720784252723235
"rfq8_wozniakprus_2022",2,202,"Podani",0.172399608240339
"rfq8_wozniakprus_2022",2,202,"Euclidean",0.105016600958584
"rfq8_wozniakprus_2022",2,202,"Cosine",0.0551521381055973
"rfq8_wozniakprus_2022",2,202,"eDice",0.0256585371845534
"rfq8_wozniakprus_2022",2,202,"Correlation",0.0507690903856753
"rfq8_wozniakprus_2022",2,202,"ACE",0.0247292663874151
"rfq8_wozniakprus_2022",2,202,"Original Relationality",0.0227405740513505
"rfq8_wozniakprus_2022",2,202,"Recursive Relationality",0.0815118352209144
"rfq8_wozniakprus_2022",2,202,"Ensemble",0.0912852823090969
"rfq8_wozniakprus_2022",3,303,"eJaccard",0.636465395328891
"rfq8_wozniakprus_2022",3,303,"Podani",0.144599641974534
"rfq8_wozniakprus_2022",3,303,"Euclidean",0.249867949470262
"rfq8_wozniakprus_2022",3,303,"Cosine",0.0719425266289475
"rfq8_wozniakprus_2022",3,303,"eDice",0.0332447624012912
"rfq8_wozniakprus_2022",3,303,"Correlation",0.0473677963348939
"rfq8_wozniakprus_2022",3,303,"ACE",0.00813044421792987
"rfq8_wozniakprus_2022",3,303,"Original Relationality",0.071409940016311
"rfq8_wozniakprus_2022",3,303,"Recursive Relationality",0.0678832144636486
"rfq8_wozniakprus_2022",3,303,"Ensemble",0.127781271188496
"rosetti2023_gad7",1,101,"eJaccard",0.724362036386963
"rosetti2023_gad7",1,101,"Podani",0.0197632149696475
"rosetti2023_gad7",1,101,"Euclidean",0.201540522045693
"rosetti2023_gad7",1,101,"Cosine",0.144474313789149
"rosetti2023_gad7",1,101,"eDice",0.0526123710051959
"rosetti2023_gad7",1,101,"Correlation",0.0437658142542905
"rosetti2023_gad7",1,101,"ACE",0.0389082886285487
"rosetti2023_gad7",1,101,"Original Relationality",0.111965879693749
"rosetti2023_gad7",1,101,"Recursive Relationality",0.0561530342035951
"rosetti2023_gad7",1,101,"Ensemble",0.040789676493964
"rosetti2023_gad7",2,202,"eJaccard",0.68615055344783
"rosetti2023_gad7",2,202,"Podani",0.0107358290364401
"rosetti2023_gad7",2,202,"Euclidean",0.201679643014337
"rosetti2023_gad7",2,202,"Cosine",0.147250408513281
"rosetti2023_gad7",2,202,"eDice",0.0549167590414689
"rosetti2023_gad7",2,202,"Correlation",0.0638844326371785
"rosetti2023_gad7",2,202,"ACE",0.0429989208969826
"rosetti2023_gad7",2,202,"Original Relationality",0.110612178458133
"rosetti2023_gad7",2,202,"Recursive Relationality",0.0359181909854662
"rosetti2023_gad7",2,202,"Ensemble",0.0282871457363916
"rosetti2023_gad7",3,303,"eJaccard",0.724362036386963
"rosetti2023_gad7",3,303,"Podani",0.00728649225374533
"rosetti2023_gad7",3,303,"Euclidean",0.179382259957718
"rosetti2023_gad7",3,303,"Cosine",0.095941681860071
"rosetti2023_gad7",3,303,"eDice",0.0549167590414689
"rosetti2023_gad7",3,303,"Correlation",0.0559685095603493
"rosetti2023_gad7",3,303,"ACE",0.0508125622236439
"rosetti2023_gad7",3,303,"Original Relationality",0.130082753884483
"rosetti2023_gad7",3,303,"Recursive Relationality",0.0569966716532949
"rosetti2023_gad7",3,303,"Ensemble",0.0649243251370152
"rrca_mcneish_2025_exp",1,101,"eJaccard",0.377837036110153
"rrca_mcneish_2025_exp",1,101,"Podani",0.0380959756820789
"rrca_mcneish_2025_exp",1,101,"Euclidean",0.0813497208998143
"rrca_mcneish_2025_exp",1,101,"Cosine",0.194144444680444
"rrca_mcneish_2025_exp",1,101,"eDice",0.151286032967641
"rrca_mcneish_2025_exp",1,101,"Correlation",0.0248439384838602
"rrca_mcneish_2025_exp",1,101,"ACE",0.0261704564442615
"rrca_mcneish_2025_exp",1,101,"Original Relationality",0.0205956410104664
"rrca_mcneish_2025_exp",1,101,"Recursive Relationality",0.0551569162590786
"rrca_mcneish_2025_exp",1,101,"Ensemble",0.0223570059203667
"rrca_mcneish_2025_exp",2,202,"eJaccard",0.430934613728261
"rrca_mcneish_2025_exp",2,202,"Podani",0.0311155649529071
"rrca_mcneish_2025_exp",2,202,"Euclidean",0.106711086949688
"rrca_mcneish_2025_exp",2,202,"Cosine",0.183342130184493
"rrca_mcneish_2025_exp",2,202,"eDice",0.123844402279077
"rrca_mcneish_2025_exp",2,202,"Correlation",0.0275848582345397
"rrca_mcneish_2025_exp",2,202,"ACE",0.0586018180753301
"rrca_mcneish_2025_exp",2,202,"Original Relationality",0.0501013881137344
"rrca_mcneish_2025_exp",2,202,"Recursive Relationality",0.0538863895108423
"rrca_mcneish_2025_exp",2,202,"Ensemble",0.0372634122177819
"rrca_mcneish_2025_exp",3,303,"eJaccard",0.410597057260296
"rrca_mcneish_2025_exp",3,303,"Podani",0.0172784305264986
"rrca_mcneish_2025_exp",3,303,"Euclidean",0.0826032649069428
"rrca_mcneish_2025_exp",3,303,"Cosine",0.0661284031631346
"rrca_mcneish_2025_exp",3,303,"eDice",0.11607840461082
"rrca_mcneish_2025_exp",3,303,"Correlation",0.00871153601670053
"rrca_mcneish_2025_exp",3,303,"ACE",0.0500379431014966
"rrca_mcneish_2025_exp",3,303,"Original Relationality",0.0144725371666865
"rrca_mcneish_2025_exp",3,303,"Recursive Relationality",0.0349874834106164
"rrca_mcneish_2025_exp",3,303,"Ensemble",0.0377446718817318
"sabfi2_gallardo_pujol_2018_tight",1,101,"eJaccard",0.131610640445937
"sabfi2_gallardo_pujol_2018_tight",1,101,"Podani",0.138569839679557
"sabfi2_gallardo_pujol_2018_tight",1,101,"Euclidean",0.229824270625493
"sabfi2_gallardo_pujol_2018_tight",1,101,"Cosine",0.324021970966997
"sabfi2_gallardo_pujol_2018_tight",1,101,"eDice",0.0897879106223134
"sabfi2_gallardo_pujol_2018_tight",1,101,"Correlation",0.273410305903963
"sabfi2_gallardo_pujol_2018_tight",1,101,"ACE",0.239354024201602
"sabfi2_gallardo_pujol_2018_tight",1,101,"Original Relationality",0.160415600088952
"sabfi2_gallardo_pujol_2018_tight",1,101,"Recursive Relationality",0.275945244447331
"sabfi2_gallardo_pujol_2018_tight",1,101,"Ensemble",0.150263095003012
"sabfi2_gallardo_pujol_2018_tight",2,202,"eJaccard",0.119315140874219
"sabfi2_gallardo_pujol_2018_tight",2,202,"Podani",0.148812599666714
"sabfi2_gallardo_pujol_2018_tight",2,202,"Euclidean",0.214877135392468
"sabfi2_gallardo_pujol_2018_tight",2,202,"Cosine",0.286516723474627
"sabfi2_gallardo_pujol_2018_tight",2,202,"eDice",0.0812026480093094
"sabfi2_gallardo_pujol_2018_tight",2,202,"Correlation",0.221591242873524
"sabfi2_gallardo_pujol_2018_tight",2,202,"ACE",0.242413719710083
"sabfi2_gallardo_pujol_2018_tight",2,202,"Original Relationality",0.180250105027984
"sabfi2_gallardo_pujol_2018_tight",2,202,"Recursive Relationality",0.233379951953149
"sabfi2_gallardo_pujol_2018_tight",2,202,"Ensemble",0.214944839601775
"sabfi2_gallardo_pujol_2018_tight",3,303,"eJaccard",0.134357797167145
"sabfi2_gallardo_pujol_2018_tight",3,303,"Podani",0.150596811985328
"sabfi2_gallardo_pujol_2018_tight",3,303,"Euclidean",0.249973245708201
"sabfi2_gallardo_pujol_2018_tight",3,303,"Cosine",0.298865125417036
"sabfi2_gallardo_pujol_2018_tight",3,303,"eDice",0.0871698285557963
"sabfi2_gallardo_pujol_2018_tight",3,303,"Correlation",0.274910730389146
"sabfi2_gallardo_pujol_2018_tight",3,303,"ACE",0.280069491537203
"sabfi2_gallardo_pujol_2018_tight",3,303,"Original Relationality",0.151230025883769
"sabfi2_gallardo_pujol_2018_tight",3,303,"Recursive Relationality",0.24634328207856
"sabfi2_gallardo_pujol_2018_tight",3,303,"Ensemble",0.253388822769404
"safiye_2023_rfq",1,101,"eJaccard",0.61014527300405
"safiye_2023_rfq",1,101,"Podani",0.200621086370765
"safiye_2023_rfq",1,101,"Euclidean",0.547789696514806
"safiye_2023_rfq",1,101,"Cosine",0.374628761975426
"safiye_2023_rfq",1,101,"eDice",0.177742244954116
"safiye_2023_rfq",1,101,"Correlation",0.29908533497608
"safiye_2023_rfq",1,101,"ACE",0.305294288826808
"safiye_2023_rfq",1,101,"Original Relationality",0.0551999071462169
"safiye_2023_rfq",1,101,"Recursive Relationality",0.133118728619342
"safiye_2023_rfq",1,101,"Ensemble",0.396693739398859
"safiye_2023_rfq",2,202,"eJaccard",0.61014527300405
"safiye_2023_rfq",2,202,"Podani",0.0901113247326674
"safiye_2023_rfq",2,202,"Euclidean",0.209546093890261
"safiye_2023_rfq",2,202,"Cosine",0.415245531125688
"safiye_2023_rfq",2,202,"eDice",0.241325173111367
"safiye_2023_rfq",2,202,"Correlation",0.345014980208926
"safiye_2023_rfq",2,202,"ACE",0.284743344870801
"safiye_2023_rfq",2,202,"Original Relationality",0.0628134050628153
"safiye_2023_rfq",2,202,"Recursive Relationality",0.121365774223484
"safiye_2023_rfq",2,202,"Ensemble",0.328896940412783
"safiye_2023_rfq",3,303,"eJaccard",0.61014527300405
"safiye_2023_rfq",3,303,"Podani",0.161414744466837
"safiye_2023_rfq",3,303,"Euclidean",0.55359507947215
"safiye_2023_rfq",3,303,"Cosine",0.415245531125688
"safiye_2023_rfq",3,303,"eDice",0.172133964626978
"safiye_2023_rfq",3,303,"Correlation",0.312242848473074
"safiye_2023_rfq",3,303,"ACE",0.301271357320857
"safiye_2023_rfq",3,303,"Original Relationality",0.0463431713889619
"safiye_2023_rfq",3,303,"Recursive Relationality",0.199717381584396
"safiye_2023_rfq",3,303,"Ensemble",0.372013726631071
"shu_2025_translation_eib",1,101,"eJaccard",0.761479304599821
"shu_2025_translation_eib",1,101,"Podani",0.0607348214619391
"shu_2025_translation_eib",1,101,"Euclidean",0.0394449483789798
"shu_2025_translation_eib",1,101,"Cosine",0.14467195172709
"shu_2025_translation_eib",1,101,"eDice",0.118029831004937
"shu_2025_translation_eib",1,101,"Correlation",0.0492717405525661
"shu_2025_translation_eib",1,101,"ACE",0.0745343776027083
"shu_2025_translation_eib",1,101,"Original Relationality",0.0352570631907799
"shu_2025_translation_eib",1,101,"Recursive Relationality",0.0449621086011584
"shu_2025_translation_eib",1,101,"Ensemble",0.0502211834443479
"shu_2025_translation_eib",2,202,"eJaccard",0.772122631538463
"shu_2025_translation_eib",2,202,"Podani",0.0500575025765445
"shu_2025_translation_eib",2,202,"Euclidean",0.129546903243021
"shu_2025_translation_eib",2,202,"Cosine",0.133948924410454
"shu_2025_translation_eib",2,202,"eDice",0.117086775442087
"shu_2025_translation_eib",2,202,"Correlation",0.0515122512442821
"shu_2025_translation_eib",2,202,"ACE",0.0660307615166078
"shu_2025_translation_eib",2,202,"Original Relationality",0.0389903156545575
"shu_2025_translation_eib",2,202,"Recursive Relationality",0.0450865600016309
"shu_2025_translation_eib",2,202,"Ensemble",0.0479681388955844
"shu_2025_translation_eib",3,303,"eJaccard",0.778425352832044
"shu_2025_translation_eib",3,303,"Podani",0.0647710926283376
"shu_2025_translation_eib",3,303,"Euclidean",0.0899234892780435
"shu_2025_translation_eib",3,303,"Cosine",0.132762322637108
"shu_2025_translation_eib",3,303,"eDice",0.118029831004937
"shu_2025_translation_eib",3,303,"Correlation",0.0443768784934682
"shu_2025_translation_eib",3,303,"ACE",0.0695996841592318
"shu_2025_translation_eib",3,303,"Original Relationality",0.029050458757798
"shu_2025_translation_eib",3,303,"Recursive Relationality",0.0224749303576048
"shu_2025_translation_eib",3,303,"Ensemble",0.0386417421418637
"silva_2018_mbds",1,101,"eJaccard",0.337116300188777
"silva_2018_mbds",1,101,"Podani",0.0378352242337635
"silva_2018_mbds",1,101,"Euclidean",0.0411981485124267
"silva_2018_mbds",1,101,"Cosine",0.264267116418787
"silva_2018_mbds",1,101,"eDice",0.107073744248204
"silva_2018_mbds",1,101,"Correlation",0.0764116931222317
"silva_2018_mbds",1,101,"ACE",0.0585496941750378
"silva_2018_mbds",1,101,"Original Relationality",0.176883538576268
"silva_2018_mbds",1,101,"Recursive Relationality",0.0466743780510454
"silva_2018_mbds",1,101,"Ensemble",0.0549508356178373
"silva_2018_mbds",2,202,"eJaccard",0.427018663831767
"silva_2018_mbds",2,202,"Podani",0.044299163491838
"silva_2018_mbds",2,202,"Euclidean",0.0501445852840509
"silva_2018_mbds",2,202,"Cosine",0.341454865503015
"silva_2018_mbds",2,202,"eDice",0.112548536956991
"silva_2018_mbds",2,202,"Correlation",0.014391842530309
"silva_2018_mbds",2,202,"ACE",0.0808521657835671
"silva_2018_mbds",2,202,"Original Relationality",0.174405513653037
"silva_2018_mbds",2,202,"Recursive Relationality",0.119003307889764
"silva_2018_mbds",2,202,"Ensemble",0.0492260588326679
"silva_2018_mbds",3,303,"eJaccard",0.42815119540772
"silva_2018_mbds",3,303,"Podani",0.0566284583905834
"silva_2018_mbds",3,303,"Euclidean",0.234791614183566
"silva_2018_mbds",3,303,"Cosine",0.243194999884739
"silva_2018_mbds",3,303,"eDice",0.112548536956991
"silva_2018_mbds",3,303,"Correlation",0.0579412092548864
"silva_2018_mbds",3,303,"ACE",0.0709830281383013
"silva_2018_mbds",3,303,"Original Relationality",0.181095727729965
"silva_2018_mbds",3,303,"Recursive Relationality",0.0151521847793431
"silva_2018_mbds",3,303,"Ensemble",0.0708739681950915
"sned_bendall_2024",1,101,"eJaccard",0.173818999818482
"sned_bendall_2024",1,101,"Podani",0.0770781193002269
"sned_bendall_2024",1,101,"Euclidean",0.0938386511121222
"sned_bendall_2024",1,101,"Cosine",0.10908786798374
"sned_bendall_2024",1,101,"eDice",0.103705656239342
"sned_bendall_2024",1,101,"Correlation",0.0701858530043544
"sned_bendall_2024",1,101,"ACE",0.0740562477051678
"sned_bendall_2024",1,101,"Original Relationality",0.0709532406335248
"sned_bendall_2024",1,101,"Recursive Relationality",0.128563993281936
"sned_bendall_2024",1,101,"Ensemble",0.089011441087619
"sned_bendall_2024",2,202,"eJaccard",0.18067489649404
"sned_bendall_2024",2,202,"Podani",0.208736167083097
"sned_bendall_2024",2,202,"Euclidean",0.126088863764208
"sned_bendall_2024",2,202,"Cosine",0.167842249864717
"sned_bendall_2024",2,202,"eDice",0.0992069245673094
"sned_bendall_2024",2,202,"Correlation",0.0240447340041471
"sned_bendall_2024",2,202,"ACE",0.0255137823821123
"sned_bendall_2024",2,202,"Original Relationality",0.0544497382260034
"sned_bendall_2024",2,202,"Recursive Relationality",0.0890283000435132
"sned_bendall_2024",2,202,"Ensemble",0.0306442593266982
"sned_bendall_2024",3,303,"eJaccard",0.161356196730846
"sned_bendall_2024",3,303,"Podani",0.0739404589685253
"sned_bendall_2024",3,303,"Euclidean",0.105627421899996
"sned_bendall_2024",3,303,"Cosine",0.087613035507415
"sned_bendall_2024",3,303,"eDice",0.0989792049805754
"sned_bendall_2024",3,303,"Correlation",0.0711103806636641
"sned_bendall_2024",3,303,"ACE",0.0531446039616101
"sned_bendall_2024",3,303,"Original Relationality",0.0425636925191809
"sned_bendall_2024",3,303,"Recursive Relationality",0.0767558902157076
"sned_bendall_2024",3,303,"Ensemble",0.0571062763023434
"song_2025_sc",1,101,"eJaccard",0.415016048804972
"song_2025_sc",1,101,"Podani",0.182524282293
"song_2025_sc",1,101,"Euclidean",0.0242184256706925
"song_2025_sc",1,101,"Cosine",0.564137690920076
"song_2025_sc",1,101,"eDice",0.309435781076021
"song_2025_sc",1,101,"Correlation",0.324263011508138
"song_2025_sc",1,101,"ACE",0.311414503298873
"song_2025_sc",1,101,"Original Relationality",0.0202895383137437
"song_2025_sc",1,101,"Recursive Relationality",0.157265480300159
"song_2025_sc",1,101,"Ensemble",0.254931379509235
"song_2025_sc",2,202,"eJaccard",0.468644611717248
"song_2025_sc",2,202,"Podani",0.18012031412722
"song_2025_sc",2,202,"Euclidean",0.0140079391175147
"song_2025_sc",2,202,"Cosine",0.573525645249082
"song_2025_sc",2,202,"eDice",0.311469482544985
"song_2025_sc",2,202,"Correlation",0.330680393288405
"song_2025_sc",2,202,"ACE",0.252478127310242
"song_2025_sc",2,202,"Original Relationality",0.0174281053721648
"song_2025_sc",2,202,"Recursive Relationality",0.15640796605253
"song_2025_sc",2,202,"Ensemble",0.200317242003337
"song_2025_sc",3,303,"eJaccard",0.482461646367799
"song_2025_sc",3,303,"Podani",0.18012031412722
"song_2025_sc",3,303,"Euclidean",0.0134259025456731
"song_2025_sc",3,303,"Cosine",0.577065329716313
"song_2025_sc",3,303,"eDice",0.306525236851332
"song_2025_sc",3,303,"Correlation",0.30996267956758
"song_2025_sc",3,303,"ACE",0.286130394977414
"song_2025_sc",3,303,"Original Relationality",0.00958286027357482
"song_2025_sc",3,303,"Recursive Relationality",0.147043789042117
"song_2025_sc",3,303,"Ensemble",0.170726873981061
"thanh_2025_green_knowledge",1,101,"eJaccard",0.0435767705676303
"thanh_2025_green_knowledge",1,101,"Podani",0.260076920391687
"thanh_2025_green_knowledge",1,101,"Euclidean",0.0955345833943062
"thanh_2025_green_knowledge",1,101,"Cosine",0.0470821207574003
"thanh_2025_green_knowledge",1,101,"eDice",0.028545430627662
"thanh_2025_green_knowledge",1,101,"Correlation",0.051517631696389
"thanh_2025_green_knowledge",1,101,"ACE",0.0519287118909746
"thanh_2025_green_knowledge",1,101,"Original Relationality",0.030392203390627
"thanh_2025_green_knowledge",1,101,"Recursive Relationality",0.300055077603078
"thanh_2025_green_knowledge",1,101,"Ensemble",0.0534735439253799
"thanh_2025_green_knowledge",2,202,"eJaccard",0.0604674999637647
"thanh_2025_green_knowledge",2,202,"Podani",0.259422260840684
"thanh_2025_green_knowledge",2,202,"Euclidean",0.0934384672646616
"thanh_2025_green_knowledge",2,202,"Cosine",0.0771929538623036
"thanh_2025_green_knowledge",2,202,"eDice",0.0353044478364183
"thanh_2025_green_knowledge",2,202,"Correlation",0.0623247822019395
"thanh_2025_green_knowledge",2,202,"ACE",0.0462922789514101
"thanh_2025_green_knowledge",2,202,"Original Relationality",0.0063868273872052
"thanh_2025_green_knowledge",2,202,"Recursive Relationality",0.282417475556737
"thanh_2025_green_knowledge",2,202,"Ensemble",0.0596614555468944
"thanh_2025_green_knowledge",3,303,"eJaccard",0.0435767705676303
"thanh_2025_green_knowledge",3,303,"Podani",0.260076920391687
"thanh_2025_green_knowledge",3,303,"Euclidean",0.109340328576817
"thanh_2025_green_knowledge",3,303,"Cosine",0.0748649542336997
"thanh_2025_green_knowledge",3,303,"eDice",0.0271294759218845
"thanh_2025_green_knowledge",3,303,"Correlation",0.0515017462906902
"thanh_2025_green_knowledge",3,303,"ACE",0.0532414929181353
"thanh_2025_green_knowledge",3,303,"Original Relationality",0.0115977693435918
"thanh_2025_green_knowledge",3,303,"Recursive Relationality",0.347373842815693
"thanh_2025_green_knowledge",3,303,"Ensemble",0.058219576940766
"tian2026_digital_competence",1,101,"eJaccard",0.33831661917169
"tian2026_digital_competence",1,101,"Podani",0.0175285379016707
"tian2026_digital_competence",1,101,"Euclidean",0.0227213725918597
"tian2026_digital_competence",1,101,"Cosine",0.613851147110356
"tian2026_digital_competence",1,101,"eDice",0.222404939925548
"tian2026_digital_competence",1,101,"Correlation",0.0387352543314
"tian2026_digital_competence",1,101,"ACE",0.0374042145373092
"tian2026_digital_competence",1,101,"Original Relationality",0.0144990505212035
"tian2026_digital_competence",1,101,"Recursive Relationality",0.052896665357371
"tian2026_digital_competence",1,101,"Ensemble",0.0314469493581055
"tian2026_digital_competence",2,202,"eJaccard",0.343062780659946
"tian2026_digital_competence",2,202,"Podani",0.0143069463977718
"tian2026_digital_competence",2,202,"Euclidean",0.0199026542782221
"tian2026_digital_competence",2,202,"Cosine",0.629387948137101
"tian2026_digital_competence",2,202,"eDice",0.229206063057494
"tian2026_digital_competence",2,202,"Correlation",0.0275809610301021
"tian2026_digital_competence",2,202,"ACE",0.0239630067205153
"tian2026_digital_competence",2,202,"Original Relationality",0.0144990505212035
"tian2026_digital_competence",2,202,"Recursive Relationality",0.0521392835205601
"tian2026_digital_competence",2,202,"Ensemble",0.0563671728431908
"tian2026_digital_competence",3,303,"eJaccard",0.337952698727677
"tian2026_digital_competence",3,303,"Podani",0.0143069463977718
"tian2026_digital_competence",3,303,"Euclidean",0.0199026542782221
"tian2026_digital_competence",3,303,"Cosine",0.625006882208122
"tian2026_digital_competence",3,303,"eDice",0.224209106322512
"tian2026_digital_competence",3,303,"Correlation",0.0333851802623979
"tian2026_digital_competence",3,303,"ACE",0.0392551496071491
"tian2026_digital_competence",3,303,"Original Relationality",0.0144990505212035
"tian2026_digital_competence",3,303,"Recursive Relationality",0.0394898084465512
"tian2026_digital_competence",3,303,"Ensemble",0.0340761620235658
"wang_onlineriskexp_2025_anxiety",1,101,"eJaccard",0.33623569884972
"wang_onlineriskexp_2025_anxiety",1,101,"Podani",0.258815830453775
"wang_onlineriskexp_2025_anxiety",1,101,"Euclidean",0.484871539215301
"wang_onlineriskexp_2025_anxiety",1,101,"Cosine",0.548289585459549
"wang_onlineriskexp_2025_anxiety",1,101,"eDice",0.218583144888054
"wang_onlineriskexp_2025_anxiety",1,101,"Correlation",0.163413003089691
"wang_onlineriskexp_2025_anxiety",1,101,"ACE",0.150484986548338
"wang_onlineriskexp_2025_anxiety",1,101,"Original Relationality",0.260891205324292
"wang_onlineriskexp_2025_anxiety",1,101,"Recursive Relationality",0.194710919943787
"wang_onlineriskexp_2025_anxiety",1,101,"Ensemble",0.182406972577935
"wang_onlineriskexp_2025_anxiety",2,202,"eJaccard",0.298079680032196
"wang_onlineriskexp_2025_anxiety",2,202,"Podani",0.251938130741939
"wang_onlineriskexp_2025_anxiety",2,202,"Euclidean",0.495943720967863
"wang_onlineriskexp_2025_anxiety",2,202,"Cosine",0.546016679270765
"wang_onlineriskexp_2025_anxiety",2,202,"eDice",0.201292281835269
"wang_onlineriskexp_2025_anxiety",2,202,"Correlation",0.155104190256117
"wang_onlineriskexp_2025_anxiety",2,202,"ACE",0.14690339857964
"wang_onlineriskexp_2025_anxiety",2,202,"Original Relationality",0.273381864359231
"wang_onlineriskexp_2025_anxiety",2,202,"Recursive Relationality",0.201362141296914
"wang_onlineriskexp_2025_anxiety",2,202,"Ensemble",0.207122795880996
"wang_onlineriskexp_2025_anxiety",3,303,"eJaccard",0.322180591401154
"wang_onlineriskexp_2025_anxiety",3,303,"Podani",0.281440105328633
"wang_onlineriskexp_2025_anxiety",3,303,"Euclidean",0.49583599186972
"wang_onlineriskexp_2025_anxiety",3,303,"Cosine",0.548289585459549
"wang_onlineriskexp_2025_anxiety",3,303,"eDice",0.208660871497655
"wang_onlineriskexp_2025_anxiety",3,303,"Correlation",0.171223609741871
"wang_onlineriskexp_2025_anxiety",3,303,"ACE",0.153365729259651
"wang_onlineriskexp_2025_anxiety",3,303,"Original Relationality",0.279913161881931
"wang_onlineriskexp_2025_anxiety",3,303,"Recursive Relationality",0.164484658230161
"wang_onlineriskexp_2025_anxiety",3,303,"Ensemble",0.207813218682076
"wang2022_fomo",1,101,"eJaccard",0.370814891946932
"wang2022_fomo",1,101,"Podani",0.207149367297701
"wang2022_fomo",1,101,"Euclidean",0.532120409699868
"wang2022_fomo",1,101,"Cosine",0.249714579756348
"wang2022_fomo",1,101,"eDice",0.181083426971054
"wang2022_fomo",1,101,"Correlation",0.0224375603675742
"wang2022_fomo",1,101,"ACE",0.0290115833604715
"wang2022_fomo",1,101,"Original Relationality",0.231558943987374
"wang2022_fomo",1,101,"Recursive Relationality",0.0416581727392192
"wang2022_fomo",1,101,"Ensemble",0.0225372105409358
"wang2022_fomo",2,202,"eJaccard",0.346411745296058
"wang2022_fomo",2,202,"Podani",0.199667084732421
"wang2022_fomo",2,202,"Euclidean",0.526661046855737
"wang2022_fomo",2,202,"Cosine",0.284482387246341
"wang2022_fomo",2,202,"eDice",0.18338223978575
"wang2022_fomo",2,202,"Correlation",0.0215074150596569
"wang2022_fomo",2,202,"ACE",0.0489438679410852
"wang2022_fomo",2,202,"Original Relationality",0.222802027510772
"wang2022_fomo",2,202,"Recursive Relationality",0.0588450879495886
"wang2022_fomo",2,202,"Ensemble",0.110816616838882
"wang2022_fomo",3,303,"eJaccard",0.370814891946932
"wang2022_fomo",3,303,"Podani",0.0911236914482791
"wang2022_fomo",3,303,"Euclidean",0.532120409699868
"wang2022_fomo",3,303,"Cosine",0.363154305110278
"wang2022_fomo",3,303,"eDice",0.179262751897268
"wang2022_fomo",3,303,"Correlation",0.016714394167471
"wang2022_fomo",3,303,"ACE",0.0485486239970214
"wang2022_fomo",3,303,"Original Relationality",0.219845857579037
"wang2022_fomo",3,303,"Recursive Relationality",0.0131794999564409
"wang2022_fomo",3,303,"Ensemble",0.00996730949384302
"xu2024_self_efficacy",1,101,"eJaccard",0.810179688163125
"xu2024_self_efficacy",1,101,"Podani",0.0614155124694823
"xu2024_self_efficacy",1,101,"Euclidean",0.260719738272806
"xu2024_self_efficacy",1,101,"Cosine",0.0295185970564636
"xu2024_self_efficacy",1,101,"eDice",0.0462356299201334
"xu2024_self_efficacy",1,101,"Correlation",0.0622483112268742
"xu2024_self_efficacy",1,101,"ACE",0.0655201622632079
"xu2024_self_efficacy",1,101,"Original Relationality",0.0022812022566406
"xu2024_self_efficacy",1,101,"Recursive Relationality",0.0369024254772321
"xu2024_self_efficacy",1,101,"Ensemble",0.0870836200534354
"xu2024_self_efficacy",2,202,"eJaccard",0.801654827482603
"xu2024_self_efficacy",2,202,"Podani",0.0443476444859373
"xu2024_self_efficacy",2,202,"Euclidean",0.269484212017966
"xu2024_self_efficacy",2,202,"Cosine",0.0432755658105236
"xu2024_self_efficacy",2,202,"eDice",0.0257093319446389
"xu2024_self_efficacy",2,202,"Correlation",0.0857322386806058
"xu2024_self_efficacy",2,202,"ACE",0.0596378155435173
"xu2024_self_efficacy",2,202,"Original Relationality",0.0903110619773142
"xu2024_self_efficacy",2,202,"Recursive Relationality",0.0594178213851403
"xu2024_self_efficacy",2,202,"Ensemble",0.109372839378975
"xu2024_self_efficacy",3,303,"eJaccard",0.797452431292498
"xu2024_self_efficacy",3,303,"Podani",0.0456611710854678
"xu2024_self_efficacy",3,303,"Euclidean",0.447411916754798
"xu2024_self_efficacy",3,303,"Cosine",0.0252269940501996
"xu2024_self_efficacy",3,303,"eDice",0.0378536113362066
"xu2024_self_efficacy",3,303,"Correlation",0.0699778637447056
"xu2024_self_efficacy",3,303,"ACE",0.0730319793765251
"xu2024_self_efficacy",3,303,"Original Relationality",0.10916225196841
"xu2024_self_efficacy",3,303,"Recursive Relationality",0.038203241258211
"xu2024_self_efficacy",3,303,"Ensemble",0.0583436004553529
