"attribute","level","baseline","published_amce","published_se"
"attr_education","Equivalent to completing fourth grade in the US",FALSE,0.0330685079108837,0.0150102343901579
"attr_education","Equivalent to completing eighth grade in the US",FALSE,0.0577440133730536,0.0150132784699746
"attr_education","Equivalent to completing a college degree in the US",FALSE,0.18007699173872,0.0175605454726437
"attr_education","Equivalent to completing a graduate degree in the US",FALSE,0.176068028792301,0.0167490750310339
"attr_education","Equivalent to completing high school in the US",FALSE,0.119483476378513,0.0151540280829813
"attr_education","No formal education",TRUE,0,NA
"attr_education","Equivalent to completing two years of college in the US",FALSE,0.148820529904299,0.0173685266616258
"attr_gender","female",TRUE,0,NA
"attr_gender","male",FALSE,-0.0260231585742,0.00804039749961737
"attr_origin","China",FALSE,-0.0584149324948491,0.0194976194558544
"attr_origin","France",FALSE,-0.0202486259646768,0.0170739811291533
"attr_origin","Germany",TRUE,0,NA
"attr_origin","India",FALSE,-0.0471606255441822,0.0166714717695317
"attr_origin","Iraq",FALSE,-0.159821422720549,0.0202985751079944
"attr_origin","Mexico",FALSE,-0.0366864469511452,0.0172515510371754
"attr_origin","Philippines",FALSE,-0.0131348596180465,0.0173973095848627
"attr_origin","Poland",FALSE,-0.0145808075674471,0.0174403617699791
"attr_origin","Somalia",FALSE,-0.100257949889798,0.0199508134926235
"attr_origin","Sudan",FALSE,-0.0989722092805168,0.0199084971626996
"attr_application_reason","Escape political/religious persecution",FALSE,0.055634453931955,0.0169084188874772
"attr_application_reason","Reunite with family members already in the U.S.",TRUE,0,NA
"attr_application_reason","Seek better job in U.S.",FALSE,-0.0383189722973665,0.00897828917281547
"attr_profession","Child care provider",FALSE,0.0148860979419971,0.0168659578860824
"attr_profession","Computer programmer",FALSE,0.0791012096827353,0.0286072171708167
"attr_profession","Construction worker",FALSE,0.0378244655153315,0.0168773409294517
"attr_profession","Doctor",FALSE,0.157302433494097,0.028799940091013
"attr_profession","Financial analyst",FALSE,0.0639346829050196,0.0297727518026677
"attr_profession","Gardener",FALSE,0.0131713725672427,0.0169403207557599
"attr_profession","Janitor",TRUE,0,NA
"attr_profession","Nurse",FALSE,0.0847368154264294,0.0164507657545732
"attr_profession","Research scientist",FALSE,0.127636596083004,0.0286255876537206
"attr_profession","Teacher",FALSE,0.0732876164952102,0.0168141610960061
"attr_profession","Waiter",FALSE,-0.00681470942067915,0.0169149814456708
"attr_job_experience","One or two years of job training and experience",FALSE,0.0652903740814868,0.0110595302731042
"attr_job_experience","Three to five years of job training and experience",FALSE,0.107817867419144,0.0116034726005072
"attr_job_experience","More than five years of job training and experience",FALSE,0.11314825612041,0.0113950971185292
"attr_job_experience","No job training or prior experience",TRUE,0,NA
"attr_job_plans","Has a contract with a U.S. employer",TRUE,0,NA
"attr_job_plans","Does not have a contract with a U.S. employer but has done job interviews",FALSE,-0.0997126421313085,0.0117758506257967
"attr_job_plans","Has no plans to look for work at this time",FALSE,-0.282231013932158,0.0118445853566851
"attr_job_plans","Will look for work after arriving in the U.S.",FALSE,-0.124929936513903,0.0117236818193029
"attr_prior_trips","Has visited the U.S. many times before on tourist visas",FALSE,0.05474842463123,0.0129577023718521
"attr_prior_trips","Never been to the U.S.",TRUE,0,NA
"attr_prior_trips","Entered U.S. once before on a tourist visa",FALSE,0.0559549542516915,0.0125066977962726
"attr_prior_trips","Entered the U.S. once before without legal authorization",FALSE,-0.110084274619045,0.0130722656212984
"attr_prior_trips","Spent six months with family members in the U.S",FALSE,0.0753178869563611,0.0126477386362288
"attr_language","During admission interview, this applicant spoke broken English",FALSE,-0.0563197229970178,0.0113524836756777
"attr_language","During the admission interview, this applicant spoke fluent English",TRUE,0,NA
"attr_language","During admission interview, this applicant tried to speak English but was unable",FALSE,-0.126359527307735,0.011409971381951
"attr_language","During admission interview, this applicant spoke [language] and used an interpreter",FALSE,-0.159740916833721,0.0116296053033223
