doi,n_tables,member_tables,total_items,min_n_participants,max_n_participants,n_categories_range,construct_types,n_distinct_construct,id_comparability_verified
10.26439/persona2024.n27(2).7384,12,anunciacao_2025_personality_autonomy;anunciacao_2025_personality_exhibition;anunciacao_2025_personality_dominance;anunciacao_2025_personality_affiliation;anunciacao_2025_personality_deference;anunciacao_2025_personality_change;anunciacao_2025_personality_succorance;anunciacao_2025_personality_achievement;anunciacao_2025_personality_order;anunciacao_2025_personality_nurturance;anunciacao_2025_personality_intraception;anunciacao_2025_personality_persistence,95,272845,272845,7-7,Opinion/attitude,1,not_tested
10.1037/1040-3590.4.1.26,10,bfi_goldberg_1992_openness_to_experience;bfi_goldberg_1992_extraversion;bfi_goldberg_1992_agreeableness;bfi_goldberg_1992_neuroticism;bfi_goldberg_1992_conscientiousness;ffm_ext;ffm_est;ffm_opn;ffm_csn;ffm_agr,100,19719,1015341,5-5,Cognitive/educational;Personality,2,not_tested
10.1027/2698-1866/a000020,8,sabfi2_gallardo_pujol_2018_constru;sabfi2_gallardo_pujol_2018_micro;sabfi2_gallardo_pujol_2018_honest;sabfi2_gallardo_pujol_2018_tight;sabfi2_gallardo_pujol_2018_narq;sabfi2_gallardo_pujol_2018_inthapp;sabfi2_gallardo_pujol_2018_lot;sabfi2_gallardo_pujol_2018_religionscale,73,419,419,4-9,Affective/mental health;Cognitive/educational;NA,3,not_tested
10.1371/journal.pone.0300657,8,alsyouf_2024_openness;alsyouf_2024_conscientiousness;alsyouf_2024_extraversion;alsyouf_2024_neuroticism;alsyouf_2024_continuance_intention;alsyouf_2024_facilitating_conditions;alsyouf_2024_social_influence;alsyouf_2024_agreeableness,80,472,472,5-5,Opinion/attitude;Personality,2,not_tested
10.1371/journal.pone.0259053,7,alsuhibani_2022_pads_s1;alsuhibani_2022_ecrs_s3;alsuhibani_2022_paranoia_s3;alsuhibani_2022_pads_s2;alsuhibani_2022_gcbs;alsuhibani_2022_sers;alsuhibani_2022_loc,97,449,2570,5-7,Affective/mental health;Opinion/attitude;Personality,3,PARTIAL_sub_samples_disjoint
10.31219/osf.io/3vd9f_v1,7,suicide_reinbergs_2025_ghsq;suicide_reinbergs_2025_soss;suicide_reinbergs_2025_stosa;suicide_reinbergs_2025_dssm;suicide_reinbergs_2025_mpfi;suicide_reinbergs_2025_phq;suicide_reinbergs_2025_stig,62,1258,1258,4-7,Affective/mental health;Behavioral;Cognitive/educational;Opinion/attitude,4,not_tested
10.3389/fpsyg.2022.809862,7,algner2022_wis;algner2022_sia;algner2022_psgbi;algner2022_mimi16;algner2022_oss;algner2022_uwes;algner2022_cse,92,500,612,5-7,[untagged],1,not_tested
10.1037/xge0001799,6,pezzuti_2025_coolpeople_main_collectivism_mexico_chile;pezzuti_2025_coolpeople_main_tight_usa_chile;pezzuti_2025_coolpeople_main_collectivism_usa;pezzuti_2025_coolpeople_main_individualism_usa;pezzuti_2025_coolpeople_single-items;pezzuti_2025_coolpeople_benevolent,44,456,5656,7-7,Opinion/attitude,1,not_tested
10.1038/s41598-026-37436-8,6,chakraborty2026_iri_irw;chakraborty2026_ptm_irw;chakraborty2026_bes_irw;chakraborty2026_bspwba_irw;chakraborty2026_bidr_irw;chakraborty2026_iwah_irw,132,634,634,5-5,Affective/mental health;Opinion/attitude;Personality,3,not_tested
10.1177/10731911251319933,6,cf_kay_2025;bcti21_kay_2025;pds_kay_2025;agn_kay_2025;spq_kay_2025;nfc_kay_2025,64,492,492,7-9,Opinion/attitude,1,not_tested
10.1371/journal.pone.0152892,6,lorenz_2016_optimism2;lorenz_2016_resilience;lorenz_2016_efficacy2;lorenz_2016_efficacy1;lorenz_2016_hope;lorenz_2016_psycap,71,321,321,6-6,[untagged],1,VERIFIED_100pct
10.1371/journal.pone.0318449,6,singh_2025_identity_irs;singh_2025_identity_grit;singh_2025_identity_pss;singh_2025_identity_cse;singh_2025_identity_pba;singh_2025_identity_pds,64,1470,1470,5-6,[untagged];Opinion/attitude,2,not_tested
10.1027/1015-5759/a000668,5,prpt_hellmann_2021_selfesteem;prpt_hellmann_2021_achievementmotive;prpt_hellmann_2021_threat;prpt_hellmann_2021_realisticthreat;prpt_hellmann_2021_fearofcrime,66,1411,1416,4-5,Opinion/attitude;Personality,2,not_tested
10.1371/journal.pone.0199480,5,silva_2018_mbds;silva_2018_bsq;silva_2018_tfeq;silva_2018_phcs;silva_2018_whoqol,66,802,2198,5-28,[untagged],1,VERIFIED_100pct
10.1371/journal.pone.0229354,5,jablonska_2020_upward_comparison;jablonska_2020_hads;jablonska_2020_downward_comparison;jablonska_2020_rses;jablonska_2020_instagram_addiction,46,974,974,7-7,Affective/mental health;Behavioral;Opinion/attitude,3,VERIFIED_100pct
10.1371/journal.pone.0232232,5,neurodegenerative_huizinga_2019_vfq;neurodegenerative_huizinga_2019_dass;neurodegenerative_huizinga_2019_user;neurodegenerative_huizinga_2019_svc;neurodegenerative_huizinga_2019_feda,119,1461,1461,4-11,Affective/mental health;Behavioral;Cognitive/educational;Physical health/functioning,4,not_tested
10.1371/journal.pone.0298880,5,dvivdtws_ppmial_marcatto_2023_cwb;dvivdtws_ppmial_marcatto_2023_ocb;dvivdtws_ppmial_marcatto_2023_snaq;dvivdtws_ppmial_marcatto_2023_ocs;dvivdtws_ppmial_marcatto_2023_dtw,110,553,553,5-5,Behavioral;Opinion/attitude,2,not_tested
10.1371/journal.pone.0353067,5,ozkurt_2026_ego_orientation;ozkurt_2026_paces_enjoyment;ozkurt_2026_sport_motivation;ozkurt_2026_continuance_intention;ozkurt_2026_basic_psych_needs,54,374,374,5-7,[untagged],1,not_tested
10.17605/osf.io/6v5qb,5,assessment_time_fournier_2025_pmpuq;assessment_time_fournier_2025_upps;assessment_time_fournier_2025_phq;assessment_time_fournier_2025_gad;assessment_time_fournier_2025_bscs,64,398,398,4-5,Behavioral,1,not_tested
10.21203/rs.3.rs-9429022/v1,5,2024_online_addiction_bsmas;2024_online_addiction_igds;2024_online_addiction_sabas;ma2026_bsmas;ma2026_sabas,33,1108,1108,5-6,[untagged];Affective/mental health,2,not_tested
10.31219/osf.io/vq3ty,5,heard_roch_2022_swlpwi;heard_roch_2022_cope;heard_roch_2022_k6;heard_roch_2022_idss;heard_roch_2022_whodas,62,600,600,4-11,Affective/mental health,1,not_tested
10.31234/osf.io/fgbj4,5,genpsych_russell_2024_gpt3_5;genpsych_russell_2024_gemma;genpsych_russell_2024_mixtral;genpsych_russell_2024_llama3;genpsych_russell_2024_gpt4o,156,998,1001,5-5,Personality,1,not_tested
10.6084/m9.figshare.30195541.v1,5,merlo2025_eng_emotional;merlo2025_eng_agentic;merlo2025_eet;merlo2025_eng_cognitive;merlo2025_eng_comprehensive,72,1065,1065,6-7,[untagged],1,not_tested
10.1037/pas0001323,4,wemwbs_brummerhoffman_2021;whodas_brummerhoffman_2021;grit_brummerhoffman_2021;gad_brummerhoffman_2021,62,1828,1828,4-5,Affective/mental health,1,not_tested
10.1037/pas0001344,4,nas_rogoza_2024_study1;nas_rogoza_2024_study2_nvs;nas_rogoza_2024_study2_ngs;nas_rogoza_2024_study2_nas,72,353,369,7-7,Personality,1,not_tested
10.1080/10615806.2026.2624434,4,fomonegativeaffect_cremer_2026_phq;fomonegativeaffect_cremer_2026_rrs;fomonegativeaffect_cremer_2026_panas;fomonegativeaffect_cremer_2026_fomo,49,459,461,4-5,Affective/mental health,1,not_tested
10.1098/rsos.211998,4,beh_boredom_bieleke2022;bps_boredom_bieleke2022;bae_boredom_bieleke2022;ada_boredom_bieleke2022,54,636,636,6-7,Behavioral,1,not_tested
10.1371/journal.pone.0149202,4,ghanbari_2016_helma_reading;ghanbari_2016_helma_comm;ghanbari_2016_helma_understand;ghanbari_2016_helma_access,34,582,582,5-5,[untagged],1,not_tested
10.1371/journal.pone.0204494,4,herrera_2018_se_d_items;herrera_2018_attitudes_homeless;herrera_2018_beliefs_about_empathy;herrera_2018_iri,49,439,556,5-9,[untagged],1,not_tested
10.1371/journal.pone.0280701,4,yang_2023_emotional_eating_eesr;yang_2023_emotional_eating_cesd;yang_2023_emotional_eating_uppsp;yang_2023_emotional_eating_ders,99,494,494,4-5,[untagged],1,not_tested
10.1371/journal.pone.0312597,4,wu_2024_video_addiction;wu_2024_resilience;wu_2024_self_control;wu_2024_proactive_personality,38,560,560,5-7,[untagged],1,not_tested
10.1371/journal.pone.0328226,4,liu_2025_classroom_interaction;liu_2025_willingness_communicate;liu_2025_speaking_selfefficacy;liu_2025_foreign_lang_enjoyment,44,623,623,5-5,[untagged],1,not_tested
10.17605/osf.io/8xuhr,4,fivpei_perrig_2023_attdiff;fivpei_perrig_2023_pens;fivpei_perrig_2023_pxi;fivpei_perrig_2023_imi,82,1551,1551,7-7,Affective/mental health,1,not_tested
10.17605/osf.io/jqzbx,4,alsecypiamh_wu_2022_swemwbs;alsecypiamh_wu_2022_empathy;alsecypiamh_wu_2022_cps;alsecypiamh_wu_2022_mil,36,7842,9567,5-7,Affective/mental health;Opinion/attitude,2,not_tested
10.3389/fpsyg.2021.720601,4,rosenberg_fadplus_goto2021;bscs_fadplus_goto2021;gbjw_fadplus_goto2021;loc_fadplus_goto2021,37,802,802,4-7,Cognitive/educational;Opinion/attitude,2,not_tested
10.3758/s13428-024-02481-6,4,threat_isler_2024_exp2_picture_panas;threat_isler_2024_exp4_cog_panas;threat_isler_2024_exp3_cog_panas;threat_isler_2024_exp2_cog_panas,88,433,2689,5-5,Affective/mental health,1,not_tested
10.3758/s13428-025-02611-8,4,rrca_mcneish_2025_bdi;rrca_mcneish_2025_exp;rrca_mcneish_2025_sen;rrca_mcneish_2025_use,45,386,1040,4-4,Affective/mental health;Cognitive/educational,2,not_tested
10.5334/jopd.115,4,amatus_cipora_2024_gad;amatus_cipora_2024_pisa_me;amatus_cipora_2024_bfi_n;amatus_cipora_2024_amas,30,1106,1106,4-5,Affective/mental health;Cognitive/educational;Personality,3,not_tested
10.7910/dvn/ireejj,4,karajko2025_ai_trust;karajko2025_ai_risk;karajko2025_ai_governance;karajko2025_ai_benefit,32,386,386,5-5,[untagged],1,not_tested
data doi: 10.6084/m9.figshare.30397234.v1,4,hao_2025_self_efficacy;hao_2025_social_regulation;hao_2025_foreign_language_anxiety;hao_2025_metacognitive_regulation,29,650,650,5-5,[untagged],1,not_tested
10.1016/j.neuron.2012.06.022,3,fullscaleiq_vocab;fullscaleiq_mentalrotation;fullscaleiq_memory,19,3194,3194,9-11,Cognitive/educational,1,not_tested
10.1016/j.paid.2025.113343,3,pcl5_xiong_2025;phq9_xiong_2025;ders16_xiong_2025,45,9506,9506,4-5,Affective/mental health,1,not_tested
10.1027/1614-0001/a000440,3,autism_blotner_2025_s2_qcae;autism_blotner_2025_s2_aq;autism_blotner_2025_s2_acme,77,535,535,4-5,Cognitive/educational,1,not_tested
10.1037/pspa0000464,3,moral_absolutism_goyal_2025_pp;moral_absolutism_goyal_2025_mfq;moral_absolutism_goyal_2025_mr,35,2430,2430,5-10,Opinion/attitude;Personality,2,not_tested
10.1177/07342829221125843,3,pppasbpnssedaisw_pedro_2022_ebsv;pppasbpnssedaisw_pedro_2022_npbe;pppasbpnssedaisw_pedro_2022_panas,41,1648,1648,5-6,Affective/mental health,1,not_tested
10.1177/10731911221124342,3,rmet_higgins_2022_aq;rmet_higgins_2022_rmet;rmet_higgins_2022_tas,85,1222,1222,4-5,Affective/mental health;Cognitive/educational;Developmental,3,not_tested
10.1177/183449092413107,3,phq_insomnia_wang2025;aslec_insomnia_wang2025;isi_insomnia_wang2025,40,572095,572095,4-5,Affective/mental health,1,not_tested
10.1371/journal.pone.0164630,3,iwasa_2016_dpssr;iwasa_2016_asi;iwasa_2016_stai_trait,52,481,481,5-5,[untagged],1,not_tested
10.1371/journal.pone.0250878,3,li_2021_cultural_intelligence;li_2021_org_cultural_diversity;li_2021_sustainable_innov_behav,27,336,336,7-7,[untagged],1,not_tested
10.1371/journal.pone.0266507,3,contreras_valdez_2022_rses;contreras_valdez_2022_bsq;contreras_valdez_2022_edeq,54,973,2090,4-31,[untagged],1,not_tested
10.1371/journal.pone.0267175,3,dopmeijer_2022_sense_belonging;dopmeijer_2022_loneliness;dopmeijer_2022_performance_pressure,29,3141,3141,5-5,[untagged],1,not_tested
10.1371/journal.pone.0284335,3,song_2023_rses;song_2023_mpats;song_2023_slwai,48,1238,1238,4-5,[untagged],1,not_tested
10.1371/journal.pone.0318101,3,shu_2025_translation_pcd;shu_2025_translation_mcpis;shu_2025_translation_eib,32,1054,1054,5-9,Affective/mental health,1,not_tested
10.1371/journal.pone.0320053,3,thanh_2025_green_knowledge;thanh_2025_environ_concern;thanh_2025_green_behavior,20,407,407,5-5,[untagged],1,not_tested
10.1371/journal.pone.0325835,3,ye_2025_q15_scale;ye_2025_q25_scale;ye_2025_q32_scale,32,4513,4513,4-7,[untagged],1,not_tested
10.1371/journal.pone.0330447,3,liu_2025_mlq;liu_2025_positive_cognition;liu_2025_learning_motivation,37,345,345,5-7,[untagged],1,not_tested
10.1371/journal.pone.0331067,3,dou2025_ans;dou2025_area;dou2025_wcts,53,748,748,5-6,[untagged],1,not_tested
10.1371/journal.pone.0346791,3,yoshimura_2026_psych_safety;yoshimura_2026_es_scale;yoshimura_2026_isu_scale,23,522,522,5-7,[untagged],1,not_tested
10.1371/journal.pone.0350928,3,yang_2026_erq;yang_2026_rrs;yang_2026_stress_response,68,1033,1033,4-7,[untagged],1,not_tested
10.1371/journal.pone.0351750,3,sun_2026_eap_content;sun_2026_eap_usage;sun_2026_eap_difficulty,29,650,650,5-5,[untagged],1,not_tested
10.1590/0102.3772e39513.en,3,lhsbrasil_couto_2023_lhs;lhsbrasil_couto_2023_ses;lhsbrasil_couto_2023_pss,40,464,464,4-5,Affective/mental health,1,not_tested
10.5114/cipp.2020.99627,3,sd3ypl_klimczak_2019_ses;sd3ypl_klimczak_2019_bpqa;sd3ypl_klimczak_2019_sd3,65,325,730,4-7,Affective/mental health;Personality,2,not_tested
10.57760/sciencedb.o00115.00089,3,chen_2022_cesd;chen_2022_gad;chen_2022_sasc,39,77211,77211,4-5,[untagged];Affective/mental health,2,not_tested
10.6084/m9.figshare.14870235.v1,3,kern_2021_learning;kern_2021_engagement;kern_2021_connectedness,30,350,350,4-4,[untagged],1,not_tested
10.6084/m9.figshare.28737626,3,gao2025_attachment_avoidance;gao2025_sse;gao2025_spiritual_wellbeing,24,459,459,5-7,[untagged],1,not_tested
10.6084/m9.figshare.30093970,3,chen2025_self_esteem;chen2025_activity_motivation;chen2025_body_image,48,1100,1100,5-5,[untagged],1,not_tested
10.6084/m9.figshare.32090683.v1,3,che_2026_social_support;che_2026_social_wellbeing;che_2026_regulatory_self_efficacy,49,897,897,5-5,[untagged],1,not_tested
10.1002/pam.22643,2,een_lacey_2024_children;een_lacey_2024_parent,37,2348,2485,6-6,Affective/mental health;Opinion/attitude,2,not_tested
10.1007/s11121-022-01346-8,2,cdm_mentalhealth_tan_2023_bsi;cdm_mentalhealth_tan_2023_rapi,40,719,719,5-5,Affective/mental health;Behavioral,2,not_tested
10.1007/s41811-024-00214-3,2,scs_suh_2023_siaps;scs_suh_2023_scs,42,361,681,5-7,Affective/mental health,1,not_tested
10.1016/j.jcbs.2025.100954,2,cfq_ruiz_2025_dass;cfq_ruiz_2025_cfq,28,3389,3389,4-7,Affective/mental health,1,not_tested
10.1037/a0021590,2,psychotools_gratitude_gq6;psychotools_gratitude_gart,22,1405,1405,7-9,Affective/mental health,1,not_tested
10.1037/pas0001354,2,narcissism_schneider_2025_study1_morf_hsns;narcissism_schneider_2025_study1_koeberl_hsns,20,1285,1417,5-5,Personality,1,not_tested
10.1089/eco.2022.0049,2,rosetti_2023_cas;rosetti_2023_gad7,29,468,468,4-5,[untagged],1,not_tested
10.1111/jopy.12695,2,west_2021_aggnet_bfi2_agg_neu;west_2021_aggnet_bpaq,44,616,616,5-7,Personality,1,not_tested
10.1186/s40359-025-03070-8,2,scs_2025_cfausatr;scs_2025_cfanonclinic,24,545,670,5-5,Affective/mental health,1,not_tested
10.1371/journal.pone.0149913,2,wurm_2016_mdi;wurm_2016_hbi,50,5897,5897,6-7,[untagged],1,not_tested
10.1371/journal.pone.0177758,2,kraft_todd_2017_care_measure;kraft_todd_2017_panas,30,1371,1372,5-6,[untagged],1,not_tested
10.1371/journal.pone.0207458,2,pecino_2018_justice_climate;pecino_2018_extrarole_wfb,40,442,442,6-6,[untagged],1,not_tested
10.1371/journal.pone.0221323,2,jeon_2019_cesd10;jeon_2019_cbi,29,464,464,4-5,[untagged],1,not_tested
10.1371/journal.pone.0243457,2,roelen_2020_k6;roelen_2020_rses,16,1381,1381,4-5,[untagged],1,not_tested
10.1371/journal.pone.0248591,2,tuason_2021_wellbeing;tuason_2021_sense_of_agency,14,938,938,7-9,Affective/mental health;Personality,2,not_tested
10.1371/journal.pone.0249815,2,daiku_2021_lying_frequency;daiku_2021_dirty_dozen,22,305,305,5-13,[untagged],1,not_tested
10.1371/journal.pone.0258323,2,chen_2021_acculturation;chen_2021_enculturation,48,310,310,5-5,[untagged],1,not_tested
10.1371/journal.pone.0260621,2,pechorro_impulsivity_2021_bes;pechorro_impulsivity_2021_ypitris,28,429,429,4-5,Affective/mental health;Personality,2,not_tested
10.1371/journal.pone.0260827,2,colomer_perez_2021_soc13;colomer_perez_2021_asa,37,920,920,5-7,[untagged],1,not_tested
10.1371/journal.pone.0263027,2,pranckeviciene_2022_gad7;pranckeviciene_2022_phq9,16,1358,1358,4-4,[untagged],1,not_tested
10.1371/journal.pone.0264722,2,pavic_2022_healthcare_trust;pavic_2022_vaccine_conspiracy,15,577,577,5-5,[untagged],1,not_tested
10.1371/journal.pone.0276803,2,odachi_2022_hads;odachi_2022_fear_covid19,21,417,417,5-5,[untagged],1,not_tested
10.1371/journal.pone.0279535,2,safiye_2023_rfq;safiye_2023_mbi,30,823,823,7-7,[untagged],1,not_tested
10.1371/journal.pone.0280313,2,menaldi_2023_mbi;menaldi_2023_brief_cope,50,388,388,4-7,[untagged],1,not_tested
10.1371/journal.pone.0289551,2,rosharudin_2023_ders18;rosharudin_2023_dass21,39,689,689,5-5,[untagged],1,not_tested
10.1371/journal.pone.0290452,2,huang_2023_d_scale;huang_2023_b_scale,21,631,631,5-7,[untagged],1,not_tested
10.1371/journal.pone.0297822.,2,frikha_2023_pe_acrs;frikha_2023_pe_ms,21,308,308,5-5,[untagged],1,not_tested
10.1371/journal.pone.0319700,2,wang_onlineriskexp_2025;wang_onlineriskexp_2025_anxiety,23,986,986,4-5,Affective/mental health;Behavioral,2,not_tested
10.1371/journal.pone.0324707,2,fan_2025_mbi_exhaustion;fan_2025_mbi_accomplishment,17,636,636,7-7,[untagged],1,not_tested
10.1371/journal.pone.0330637,2,zhou_2025_ehealth_literacy;zhou_2025_peer_relationship,24,14892,14892,4-5,[untagged],1,not_tested
10.17605/osf.io/9j6hm,2,test_taking_much_2025_ef;test_taking_much_2025_cm,19,1244,1244,4-101,Cognitive/educational,1,not_tested
10.26262/hjp.v19i1.8266,2,fcv19s_hossain_2022_anxiety;fcv19s_hossain_2022_fear,14,1317,1317,4-4,Affective/mental health,1,not_tested
10.31234/osf.io/uy9gb_v1,2,shorttripm_silvia_2025;sd4_silvia_2025,43,530,1151,4-5,Personality,1,not_tested
10.31234/osf.io/zwu26,2,vei_brazillian_shiramizu_2018_iri;vei_brazillian_shiramizu_2018_ei,42,698,698,5-5,Affective/mental health;Behavioral,2,not_tested
10.3389/feduc.2020.00015,2,erf_breuer_2017_tai;erf_breuer_2017_dosp,24,433,433,4-5,Cognitive/educational;Opinion/attitude,2,not_tested
10.3389/fpsyg.2013.00279,2,gcbs_brotherton_2013_tipi;gcbs_brotherton_2013,25,2495,2495,6-8,Opinion/attitude;Personality,2,not_tested
10.3389/fpsyg.2022.1014794.s001,2,chen2022_ses;chen2022_cls,26,303,303,4-5,[untagged],1,not_tested
10.3389/fpsyg.2022.852256,2,chen2022b_socsupport;chen2022b_psychabuse,26,417,417,5-7,[untagged],1,not_tested
10.6084/m9.figshare.16900393.v2,2,rosetti2023_climate_anxiety;rosetti2023_gad7,29,468,468,4-5,[untagged],1,not_tested
10.6084/m9.figshare.25378894.v1,2,dong_2024_engagement;dong_2024_ccaiq,28,332,332,6-6,[untagged],1,not_tested
10.7910/dvn/8lblys,2,kushnir2017_tsrq;kushnir2017_ftnd,21,319,319,4-7,[untagged],1,not_tested
10.7910/dvn/atlxc5,2,xu2024_self_efficacy;xu2024_noncompliance,15,414,414,5-5,[untagged],1,not_tested
10.7910/dvn/ibfk5h,2,facit_yount_2021_hadsx;facit_yount_2021_crqsasx,34,608,608,4-7,Affective/mental health;Physical health/functioning,2,not_tested
10.7910/dvn/qoo7qx,2,promispme_forrest_2021_ghglobal_children;promispme_forrest_2021_ghglobal_proxy,39,1807,3635,6-6,Physical health/functioning,1,not_tested
10.7910/dvn/t5taqa,2,mental_health_wang_2024_phq;mental_health_wang_2024_gad,16,958,958,4-4,Affective/mental health,1,not_tested
10.7910/dvn/zsja25,2,friedman_2018_risks_government;friedman_2018_risks_discrimination,12,3110,3110,6-6,Opinion/attitude,1,not_tested
data doi: 10.7910/dvn/edevgy,2,galindo_2023_social_support;galindo_2023_emotional_intelligence,24,951,951,5-5,[untagged],1,not_tested
