label,kind,n_persons,n_items,n_categories,affect_cog,dropped_rows,dropped_cols,secs,OverallSD,OverallKurt,OverallRightKurt,VarColPC1,SkewColPC1,SkewColPC2,Skewness,Mean_Row_Corr,Row_Corr_Kurtosis,CorrRightKurt,Mean_Col_Kurtosis,Mean_SD_Ratio,PercentOut,intrinsicDemnsionalityProp,Mean_InterItem_Pearson,Mean_InterItem_Polychoric,Mean_Row_Var,Mean_Col_Var
pppasbpnssedaisw_pedro_2022_panas,single,1620,20,5,affective/opinion,28,0,1.2463912963867188,1.0070442001918092,-1.084249444757521,-1.9398408061899959,2.990933661265984,0.062354171438407255,-0.4199233056308817,0.20752843103416374,0.3807941813372031,-0.03747984406213334,-0.7474769336583522,0.38432611975956915,0.8101020462994919,85,0.3,0.1679851727939591,NA,0.9189652371669915,0.6725539503885191
heard_roch_2022_idss,single,574,12,5,affective/opinion,18,0,0.77468109130859375,1.0141919897937828,0.4042715246421196,-1.8549342260472892,4.583222180669897,0.8113972339564238,-0.4553608162242903,0.978263189184091,0.1727093149269709,-0.4732128508660818,0.007715386157419513,2.2404558197946463,0.9254373832796607,58.333333333333336,0.3333333333333333,0.3204175063208992,0.375864343916136,0.7425298278956816,0.9154504989328128
agn_kay_2025,single,488,8,7,affective/opinion,4,0,0.6803994178771973,1.8973978091291581,-1.166258354058607,-1.8715986123884611,8.618267495149226,0.11407741856131401,-0.24533566180770502,-0.07962312639136196,0.14817505619698285,-0.5591135032754098,-0.5388419823493451,-0.8870003346689761,0.9448736320305278,12.5,0.5,0.220396167059805,0.24484643677175308,2.9377927400468384,3.2240423132595013
psychotools_gratitude_gart,single,1333,16,9,affective/opinion,11,0,0.5173912048339844,2.403943652779827,-0.6198935514649011,-1.9988635144548073,23.380189745942104,-0.25433940488390516,-0.17209010493318844,-0.5829087200985421,0.16788000298390002,-0.468475867236684,-0.3511153218209935,-0.27717864377302515,0.9183864890345353,37.5,0.25,0.19616647837607745,NA,4.889331707926981,5.010592808675142
autism_blotner_2025_s2_qcae,single,529,31,4,cognitive,6,0,2.2736477851867676,0.8353021493086228,-0.34158726527211636,-1.2478332641384087,4.826193558434853,-0.37636172215799507,0.6431942111642119,-0.4076663908546606,0.2243781031074942,-0.4377248138018026,-0.07919487619502918,-0.059775457991214205,0.8951092422599516,58.06451612903226,0.2903225806451613,0.16477322585349471,0.19929751654114775,0.6165579201983861,0.5630604785583747
test_taking_much_2025_cm,single,987,9,101,cognitive,257,0,0.15198969841003418,18.935458559453323,6.894140927588749,-1.1491749913415452,2143.7942453225105,2.284480243950974,0.1083651667002114,-2.54652921159977,0.07037130429935697,-0.6744569394251578,-0.6965029327086394,7.484316485666563,0.9586190160237866,100,0.1111111111111111,0.6125041220578551,NA,156.54280648429585,345.45320219878937
prpt_hellmann_2021_fearofcrime,single,1123,10,5,affective/opinion,293,0,0.7014901638031006,0.93144380319764,0.1824971715880599,-1.0979802019136726,4.468003269124939,0.729476599399329,-0.37309247415681585,0.707739293987856,0.05903300880266888,-0.6604818787627584,-0.47992688601496614,0.11747370142094331,0.9732534766287602,60,0.3,0.4637701918157429,0.527792543126132,0.4895616899178787,0.8403075858368928
imos_2002,single,455,6,8,cognitive,24,0,0.4861130714416504,2.854775430318086,-1.2896019668664223,-1.6414555615288768,18.15795611869483,-0.0591751548732299,-0.06317680942675262,0.6848079451622294,0.3692675481054762,-0.6522821907759018,-0.9985544375800015,4.7727782986583795,0.8066471063207433,50,0.5,0.3162082019993249,0.46810477887333635,6.840512820512821,5.9577431379193495
bscs_fadplus_goto2021,single,800,13,5,affective/opinion,2,0,0.8643202781677246,1.1481188508631968,-0.8968354746036189,-1.8741327938875116,5.7398438109319025,-0.019275244697600582,-0.13599596589657315,-0.10389155781914416,0.136920778975328,-0.4280582363061103,-0.37943199768414004,-0.6499251531347416,0.9417595962690127,30.76923076923077,0.3076923076923077,0.0818935377520485,0.09145475482716021,1.223349358974359,1.1748878405699432
gbjw_fadplus_goto2021,single,787,7,6,cognitive,15,0,0.5005714893341064,1.1959866234916001,-0.6550131770717069,-1.9853438790724303,3.3457393975338623,-0.05137628720507153,0.19922501446740862,-0.10983687483617728,0.346909839695673,-0.10338975732622391,-0.9500035490062082,0.027039087341591994,0.8801743075448272,100,0.42857142857142855,0.3279667421276632,0.362559434490669,1.121982210927573,1.1105205130443498
mindfulness_assessment,single,519,39,5,cognitive,2,0,5.975013256072998,1.1797149623663703,-0.8330673022596189,-1.966515899425048,11.533265392512396,0.18108829330701676,-0.13824595781361645,-0.22905982542704462,0.15376664652048902,-0.3353157044964794,0.05087742658740435,-0.5569620021274921,0.9226835372716975,35.8974358974359,0.23076923076923078,0.07590322516969035,0.08658395700103697,1.3015479264338405,1.1960011208566121
short_dark_triad,single,1957,27,5,affective/opinion,1,0,3.821762800216675,1.3220745397621576,-1.1372927074776114,-1.9976708543016284,12.603192614976072,0.08318051437133493,-0.0409606515152854,-0.23968560910184972,0.18914830319597434,-0.12840374675504718,0.14406706540654124,-0.5786971702257755,0.9138051785558191,29.629629629629626,0.2962962962962963,0.15888198896146294,0.18548119894246426,1.538764345100574,1.4778905678324994
anxiety_gastro_symptoms,single,364,15,5,affective/opinion,18,0,1.0770435333251953,1.3916736980639515,-1.414518221651003,-1.9893650451742408,13.183361133552463,0.15098593309639768,0.22942004063899363,0.07432286178288675,0.19595511830443785,-0.2555548066129276,0.23407531920369795,-1.0275855105201581,0.9375823715514106,13.333333333333334,0.2,0.45900133288757244,0.5356139423347026,1.1667189952904238,1.7089703226066864
shu_2025_translation_pcd,single,996,16,9,affective/opinion,58,0,0.13647842407226562,1.9354921289239047,-0.41313105307100884,-1.9914359497253655,27.85416614953479,-0.22837905881184253,-0.42460049960021895,-0.2646722912657067,0.3218957394948828,-0.07172388716598466,-0.4619205813244407,-0.05125496602967977,0.9096841912782773,68.75,0.1875,0.5235770843213607,NA,2.1678380187416333,3.110749656919134
hexaco_ashton_2014_h,single,1998,40,7,affective/opinion,0,0,14.002115249633789,1.928872355010942,-1.2065971998142473,-1.938150630135901,27.693731932991675,-0.2565398443004021,-0.025297269368300394,0.003573893728009152,0.18266119613944737,-0.09489800626070544,0.16684756299998593,-0.7511772961920813,0.9111093930690577,2.5,0.3,0.06743431242115777,0.07448422131025503,3.5432227098893767,3.1075617680775416
fomonegativeaffect_cremer_2026_fomo,single,449,10,5,affective/opinion,10,0,0.5760641098022461,1.2571656171883518,-0.8468978489263952,-1.861794462710011,6.175183797226061,0.4063895932376483,-0.02869208685079219,0.5316576615030831,0.19571096816582145,-0.4827941848967092,-0.5057132426319209,-0.46660546516774665,0.9394351666688565,20,0.4,0.3653939860556174,0.4162351754262068,1.0886909180895818,1.3990673719376392
wellbeing_kocar_2025,single,664,38,7,affective/opinion,5,0,8.495455503463745,1.4581853098637292,-0.3970796392507423,-1.9991623068615751,23.09397172870474,-0.011875713276204826,0.013061271669927293,0.11973882210663692,0.12649154918411373,-0.008398652502881632,1.6403917353354673,-0.49362485083380875,0.9308790050722754,36.84210526315789,0.23684210526315788,0.29904166043568853,0.3234320791371225,1.6002834238804435,1.9448293890015886
chakraborty2026_bidr_irw,single,629,16,5,affective/opinion,5,0,1.1126229763031006,1.375424166991398,-1.2506498177897654,-1.9865002463777686,5.9483936702755456,0.5917526928690394,-0.17014193649060308,-0.17276086544337219,0.07677421980680803,0.12178083632504944,1.510077416838988,-1.0860462105167663,0.9650817951028785,6.25,0.375,0.04984035806852667,0.0622490551668215,1.8126324854266032,1.766646329731755
climatechange_geiger_2025,single,1872,14,101,affective/opinion,0,0,0.3674755096435547,27.228195840200403,0.3491234962463272,-1.665852748510594,1655.165842588598,-9.783301417516921e-4,-0.34606174541897133,1.1938243263538704,0.6217518171558215,0.23767795173437545,-1.0099572149589628,2.1125810113945183,0.5215312458402095,42.857142857142854,0.21428571428571427,-0.02666385432692366,NA,798.2992568329107,313.8407608596345
lhsbrasil_couto_2023_lhs,single,463,20,4,affective/opinion,1,0,1.0637774467468262,0.743636513646929,-0.30033975639854926,-1.9537879187582317,3.9090406929343273,-0.39351835078889447,0.11244979304940304,0.08361073330237055,0.1342881110301046,-0.7983468203426929,-0.8722544950839981,0.13956227623501333,0.9325263904030464,25,0.25,0.006029392865262559,0.0070817849649456545,0.5530067068318745,0.4853056950249175
lessr_mach4,single,351,20,6,cognitive,0,0,2.271575927734375,1.6702163124762257,-1.2503349568559894,-1.9834893394464286,6.898225607172715,0.03307049555134083,-0.27515877115766857,0.09064342451664678,0.30081209977011086,0.08056509424019742,0.6107679813508362,-0.31099210680656225,0.8447276326378056,15,0.45,0.02883528298465906,0.03015342572957007,2.7735117708801917,2.015810337810338
pezzuti_2025_coolpeople_single-items,single,1803,10,7,affective/opinion,10,0,1.4675252437591553,1.9785994285175434,-1.2336974387204713,-1.983773391169894,12.777353564598739,-0.42147453578729804,-0.3022337041026394,-0.1179285193423776,0.15782971792568543,-0.8706052900816443,-1.085220602608695,-0.7556043512994527,0.9146562605933424,0,0.4,-0.007854268759017301,-0.012164949829099034,4.016891600419054,3.283513603852994
disgust_berger2014,single,1394,25,5,affective/opinion,0,0,2.824413299560547,1.4876771709676002,-1.3589012884456415,-1.9997116420656953,10.12404595652359,0.3541498916901025,-0.45227604128643456,-0.2735532158764617,0.19433456570796445,-0.09616672136142856,0.6311636634969604,-0.788655688086602,0.90893882757814,8,0.4,0.14196670271404638,0.17052768538172125,1.9844045911047345,1.8456789378332532
bfi_goldberg_1992_openness_to_experience,single,1998,10,5,affective/opinion,2,0,0.9458508491516113,1.3893061343586481,-1.1308741357349028,-1.9967268543123597,4.015298858916696,0.49824945270438076,0.19484808689677569,-0.35984368982319853,0.4449914199395751,0.2779756982147852,-1.0849257123548792,0.26336910484108433,0.7537370802215428,40,0.3,0.04104192173962805,0.04207563955072608,1.9808808808808809,1.1070519192201715
imos_1991,single,295,6,8,cognitive,17,0,0.5324804782867432,2.873187030528601,-1.5775606788055245,-1.9073810654845602,23.614008945783134,0.14461285637125423,-0.0010498180086494086,0.23637714507474494,0.1585769211732213,-0.6643143822133171,-0.656615833492225,-1.179543178201421,0.9434668561476501,0,0.3333333333333333,0.41542805630149243,0.4813635095393695,5.3694915254237285,7.508639840116838
MERGED:jablonska_2020,merged,968,46,NA,NA,6,0,17.989160537719727,1.8913873450767955,-1.0678478893189398,-1.8873841987598758,29.83231257236132,-0.12642137082669275,-0.18083841267022885,-0.07305141102681893,0.2563044562263737,-0.7781319673615603,-0.5344710494199161,-0.4396341755133798,0.8669408007172447,23.91304347826087,0.21739130434782608,0.11666578928627552,0.1277014468640539,3.251749710544177,2.715404011502842
MERGED:lorenz_2016,merged,321,63,NA,NA,0,0,21.55180859565735,1.0162834224107185,0.4319005027111191,-1.9990909300268276,14.530807380584772,-0.2919816859404228,-0.6231783292132577,-0.5882583375912989,0.16290019685496612,1.2811733328213881,10.37904494572308,0.5449875882375708,0.9289146323384492,87.3015873015873,0.2698412698412698,0.2367726084168738,0.2755188024003251,0.8295537020288302,0.9085067126539089
MERGED:silva_2018,merged,1396,46,NA,NA,0,0,5.3150413036346436,1.6828473971166376,-1.1860953090356767,-1.9975277877529871,11.949792404838231,0.5439773124781685,-0.2137246576985833,0.028035063272694713,0.7127491791021059,1.5386099887478828,-0.627912354806401,-0.3516418062267838,0.517723582533093,54.347826086956516,0.2608695652173913,0.05958079047291114,0.0750591009651269,2.8201279016652134,0.8885287914935837
MERGED:singh_2025,merged,618,55,NA,NA,0,0,11.1545569896698,1.2611663763895835,-1.0834169734398302,-1.9743564519428636,9.417242794135204,-0.20186383514873987,0.1597041005734562,0.15025328698457907,0.45581894380261623,0.6803700943709843,-0.22983090921697968,0.6252577795144042,0.7373814573296138,67.27272727272727,0.21818181818181817,0.03445962164688095,0.04006069846981478,1.579018883549628,0.8909221560540973
