# Tables with an open data defect. Each still gets a page, with a banner naming
# the issue, and is kept out of search until the fix is released.
# Delete the row in the PR that RELEASES the fix (a merged fix is not a shipped
# table). Measured against the live corpus 2026-09-19 (#1856 scoreboard).
table	issue
emobank_buechel_2017	2401
VCISM_Polish_Trzcinska_2023	2401
robison_2026_retesting_ifr	2401
robison_2026_retesting_paper_folding	2401
cud_stone2024	2401
nas_rogoza_2024_study5_nas	2401
nas_rogoza_2024_study5_ngs	2401
nas_rogoza_2024_study5_nvs	2401
debacker_2018_decisionjustification	2401
debacker_2018_justice_appraisal	2401
megart_tonkovic_2021	2401
