"check","pass","detail"
"1 h(0.5)=1, h(0)=h(1)=0",TRUE,"1, 0, 0"
"2 single item <= 1 bit",TRUE,"max over synthetic items 0.9761 (a=50, d=0); max over 67 fitted items 0.5214"
"3 Rasch I_S = I_X (enumeration, n=11)",TRUE,"|diff| = 4.44e-16"
"4 2PL I_S <= I_X (check tables)",TRUE,"fitz_2024_numeracy 1.103<=1.182; machivallianism_test_vcl 1.181<=1.237; frac20 1.811<=1.887; buzgova_2023_gai 1.497<=1.546"
"4b 2PL I_S <= I_X (all batch tables)",TRUE,"240 tables; violations: none"
"5 MC vs enumeration, fitz_2024_numeracy",TRUE,"exact 1.1821, MC 1.1860 (SE 0.0047, 60000 draws)"
"5 MC vs enumeration, machivallianism_test_vcl",TRUE,"exact 1.2372, MC 1.2443 (SE 0.0048, 80000 draws)"
"6 binned <= continuous, increasing in K, fitz_2024_numeracy",TRUE,"enumeration: K=1..8 0.572 0.941 1.100 1.156 1.174 1.179 1.181 1.182; continuous 1.1820"
"6 binned <= continuous, increasing in K, frac20",TRUE,"monte_carlo: K=1..8 0.792 1.403 1.726 1.838 1.876 1.885 1.888 1.889; continuous 1.8892"
"7 replay expected bits <= 1, start entropy = 6",TRUE,"max expected bits 0.4551; starting entropy 6 (40 replays)"
"8 simulated recovery (n=15, N=5000)",TRUE,"true 1.1164, refit 1.1261"
"9 grid 81 vs 161 nodes < 0.001 bits",TRUE,"max |diff| 3.88e-09 over I_S, H(X|theta), and exact I_X where n <= 16 (fitz_2024_numeracy, machivallianism_test_vcl, frac20, buzgova_2023_gai)"
