"table","fetch_error","n_rows_raw","n_ids_raw","n_waves","wave_kept","n_treat","treat_kept","n_rows","n_ids","n_items","dup_rows","resp_values","density","n_complete","p_min","p_max","has_rater","other_struct","secs","meta_n_items","meta_n","meta_density","longitudinal","construct_type","itemtext","excl","restricted","excl_density"
"4thgrade_math_sirt",NA,19920,664,NA,NA,NA,NA,19920,664,30,0,"0,1",1,664,0.197289156626506,0.885542168674699,FALSE,"",3.11901593208313,30,664,1,FALSE,"Cognitive/educational",FALSE,NA,FALSE,FALSE
"ai_fear_dong_2026_incentive",NA,48000,1000,NA,NA,NA,NA,48000,1000,48,0,"0,1",1,1000,0.5,0.5,FALSE,"",3.61964321136475,48,1000,1,FALSE,"Behavioral, Other",FALSE,NA,FALSE,FALSE
"ALSECYPIAMH_WU_2022_NEI",NA,39210,7842,NA,NA,NA,NA,39210,7842,5,0,"0,1",1,7842,0.243560316245856,0.506248406018873,FALSE,"",4.07570910453796,5,7842,1,FALSE,NA,FALSE,NA,FALSE,FALSE
"ALSECYPIAMH_WU_2022_PEI",NA,39210,7842,NA,NA,NA,NA,39210,7842,5,0,"0,1",1,7842,0.643968375414435,0.912394797245601,FALSE,"",4.36970949172974,5,7842,1,FALSE,NA,FALSE,NA,FALSE,FALSE
"alsuhibani_2022_npi_s3",NA,8294,638,NA,NA,NA,NA,8294,638,13,0,"0,1",1,638,0.169278996865204,0.29153605015674,FALSE,"",4.54798364639282,13,638,1,FALSE,"Personality",TRUE,NA,FALSE,FALSE
"amatus_cipora_2024_arithmetic",NA,16492,1102,NA,NA,NA,NA,16492,1102,40,0,"0,1",0.374137931034483,6,0.701804368471035,0.991218441273326,FALSE,"",3.73275780677795,40,1102,0.374137931034483,FALSE,"Cognitive/educational",TRUE,NA,FALSE,TRUE
"anunciacao_2024_intelligence_gmi",NA,37128,1326,NA,NA,NA,NA,37128,1326,28,0,"0,1",1,1326,0.0173453996983409,0.933634992458522,FALSE,"",3.20369458198547,28,1326,1,FALSE,"Cognitive/educational",FALSE,NA,FALSE,FALSE
"argentina_2012_aging_ageism",NA,22170,4637,NA,NA,NA,NA,22170,4637,5,0,"1,2",0.956221695061462,3923,0.219156572454015,0.371925073346874,FALSE,"",3.75987839698792,5,4637,0.956221695061462,FALSE,"Opinion/attitude",TRUE,NA,FALSE,FALSE
"argentina_2012_aging_dependence",NA,37232,4654,NA,NA,NA,NA,37232,4654,8,0,"1,2",1,4654,0.0234207133648474,0.104856037816932,FALSE,"",1.9622802734375,8,4654,1,FALSE,"Opinion/attitude",TRUE,NA,FALSE,FALSE
"argentina_2012_aging_instrumental",NA,32578,4654,NA,NA,NA,NA,32578,4654,7,0,"1,2",1,4654,0.065749892565535,0.158143532445208,FALSE,"",1.94545555114746,7,4654,1,FALSE,"Opinion/attitude",TRUE,NA,FALSE,FALSE
"argentina_2012_tobacco_harm",NA,43166,6632,NA,NA,NA,NA,43166,6632,9,0,"1,2",0.723193941830854,1119,0.722417427969079,0.992385013706975,FALSE,"",2.63911008834839,9,6632,0.723193941830854,FALSE,"Opinion/attitude",TRUE,NA,FALSE,TRUE
"argentina_2013_reproductive_awareness",NA,99421,10006,NA,NA,NA,NA,99421,10006,10,0,"1,2",0.993613831700979,9785,0.0976447993530779,0.980711573056166,FALSE,"",2.10178422927856,10,10006,0.993613831700979,FALSE,"Opinion/attitude",TRUE,NA,FALSE,FALSE
"argentina_2017_victimization_disorder",NA,244924,29072,NA,NA,NA,NA,244924,29072,9,0,"1,2",0.936082064453006,20617,0.0933772269558482,0.668909825033647,FALSE,"",0.381272315979004,9,29072,0.936082064453006,FALSE,"Opinion/attitude",TRUE,NA,FALSE,FALSE
"argentina_2017_victimization_precaution",NA,280513,29142,NA,NA,NA,NA,280513,29142,13,0,"1,2",0.740440706777952,2425,0.0868582358822762,0.547006529777358,FALSE,"",0.438584327697754,13,29142,0.740440706777952,FALSE,"Opinion/attitude",TRUE,NA,FALSE,TRUE
"art",NA,70100,1402,NA,NA,NA,NA,70100,1402,50,0,"0,1",1,1402,0.119828815977175,0.66262482168331,FALSE,"",3.69174289703369,50,1402,1,FALSE,"Cognitive/educational",TRUE,NA,FALSE,FALSE
"bartoli_2022_badge_notifications",NA,15135,1009,NA,NA,NA,NA,15135,1009,15,0,"0,100",1,1009,0.00991080277502478,0.408325074331021,FALSE,"",3.3070056438446,15,1009,1,FALSE,NA,TRUE,NA,FALSE,FALSE
"bialowolski_2024_financial_literacy",NA,79002,4389,NA,NA,NA,NA,79002,4389,18,0,"0,1",1,4389,0.166097060833903,0.958304853041695,FALSE,"",0.797915697097778,18,4389,1,FALSE,NA,TRUE,NA,FALSE,FALSE
"bicb-j_ishiguro_2025",NA,69090,1974,NA,NA,NA,NA,69090,1974,35,0,"0,1",1,1974,0.0146909827760892,0.394630192502533,FALSE,"",3.42379260063171,35,1974,1,FALSE,"Behavioral",FALSE,NA,FALSE,FALSE
"bitew_2020_lte",NA,7907,664,NA,NA,NA,NA,7907,664,12,0,"0,1",0.99234437751004,632,0.0625954198473282,0.303490136570561,FALSE,"",5.83210587501526,12,664,0.99234437751004,FALSE,"Affective/mental health",TRUE,NA,FALSE,FALSE
"busch_2022_course_alleviate",NA,15275,1175,NA,NA,NA,NA,15275,1175,13,0,"0,1",1,1175,0.0153191489361702,0.652765957446809,FALSE,"",3.95826864242554,13,1175,1,FALSE,NA,TRUE,NA,FALSE,FALSE
"busch_2022_course_exacerbate",NA,19992,1176,NA,NA,NA,NA,19992,1176,17,0,"0,1",1,1176,0.0263605442176871,0.619047619047619,FALSE,"",2.6765604019165,17,1176,1,FALSE,NA,TRUE,NA,FALSE,FALSE
"busch_2023_stigma",NA,15190,1970,NA,NA,NA,NA,15190,1970,8,0,"0,1",0.963832487309645,1740,0.0535343035343035,0.355950457727517,FALSE,"",2.50193190574646,8,1970,0.963832487309645,FALSE,NA,TRUE,NA,FALSE,FALSE
"buzgova_2023_gai",NA,19492,980,NA,NA,NA,NA,19492,980,20,0,"0,1",0.994489795918367,930,0.11088295687885,0.340839303991812,FALSE,"",1.23099136352539,20,980,0.994489795918367,FALSE,"Affective/mental health",TRUE,NA,FALSE,FALSE
"buzgova_2023_gds",NA,16616,1114,NA,NA,NA,NA,16616,1114,15,0,"0,1",0.994374625972472,1060,0.0936093609360936,0.454627949183303,FALSE,"",3.73248052597046,15,1114,0.994374625972472,FALSE,"Affective/mental health",TRUE,NA,FALSE,FALSE
"c19prc_uk_mcbride_2021_bces",NA,20580,2058,1,NA,NA,NA,20580,2058,10,0,"0,1",1,2058,0.588921282798834,0.87463556851312,FALSE,"date",2.80817317962646,10,2058,1,TRUE,"Affective/mental health, Opinion/attitude",FALSE,NA,FALSE,FALSE
"c19prc_uk_mcbride_2021_crt",NA,10125,2025,1,NA,NA,NA,10125,2025,5,0,"0,1",1,2025,0.198518518518519,0.435555555555556,FALSE,"date",4.57686924934387,5,2025,1,TRUE,"Affective/mental health, Opinion/attitude",FALSE,NA,FALSE,FALSE
"c19prc_uk_mcbride_2021_facetrust",NA,48996,2983,2,"1",NA,NA,24300,2025,12,0,"0,1",1,2025,0.124938271604938,0.708148148148148,FALSE,"date",2.46427917480469,12,2983,1.3687562856185,TRUE,"Affective/mental health, Opinion/attitude",FALSE,NA,TRUE,FALSE
"c19prc_uk_mcbride_2021_selfharm_suicidality",NA,8120,1808,1,NA,NA,NA,8120,1808,8,0,"0,1",0.561393805309734,106,0.110127282789153,0.356275303643725,FALSE,"date",6.45459914207458,8,1808,0.561393805309734,TRUE,"Affective/mental health, Opinion/attitude",TRUE,NA,FALSE,TRUE
"c19prc_uk_mcbride_2021_wordsum",NA,20580,2058,1,NA,NA,NA,20580,2058,10,0,"0,1",1,2058,0.271137026239067,0.836734693877551,FALSE,"date",2.45975661277771,10,2058,1,TRUE,"Affective/mental health, Opinion/attitude",FALSE,NA,FALSE,FALSE
"cdm_ecpe",NA,81816,2922,NA,NA,NA,NA,81816,2922,28,0,"0,1",1,2922,0.433264887063655,0.898015058179329,FALSE,"",3.93186473846436,28,2922,1,FALSE,"Cognitive/educational",FALSE,NA,FALSE,FALSE
"cdm_timss03",NA,17411,757,NA,NA,NA,NA,17411,757,23,0,"0,1",1,757,0.150594451783355,0.821664464993395,FALSE,"",3.26502084732056,23,757,1,FALSE,"Cognitive/educational",FALSE,NA,FALSE,FALSE
"cdm_timss07",NA,12494,698,NA,NA,NA,NA,12494,698,25,0,"0,1",0.715988538681948,344,0.0171919770773639,0.80945558739255,FALSE,"booklet",4.30868053436279,25,698,0.715988538681948,FALSE,"Cognitive/educational",FALSE,NA,FALSE,TRUE
"chile_2023_children-adolescents-survey_cp_a",NA,529770,17659,NA,NA,NA,NA,295363,17631,30,0,"1,2",0.558416047492107,506,0.389326864766525,0.99903578923487,FALSE,"",1.76709747314453,30,17659,0.557530626498292,FALSE,"Opinion/attitude",TRUE,NA,FALSE,TRUE
"chile_2023_social-welfare-survey_vv",NA,56170,11234,NA,NA,NA,NA,56150,11234,5,0,"1,2",0.99964393804522,11219,0.581047381546135,0.906556208800998,FALSE,"date",3.69654273986816,5,11234,0.99964393804522,TRUE,"Opinion/attitude",TRUE,NA,FALSE,FALSE
"chile_2024_safety_dwelling",NA,122360,24472,NA,NA,NA,NA,51517,24469,5,0,"1,2",0.421079733540398,37,0.475600873998543,0.978986958832427,FALSE,"",5.00598192214966,5,24472,0.421028113762668,FALSE,"Opinion/attitude",FALSE,NA,FALSE,TRUE
"chile_2024_safety_fear",NA,367080,24472,NA,NA,NA,NA,320854,24469,15,0,"1,2",0.87417821188715,6347,0.383617377152932,0.989571554215354,FALSE,"",5.71921110153198,15,24472,0.874071047183175,FALSE,"Opinion/attitude",FALSE,NA,FALSE,FALSE
"chile_2024_safety_vehicle",NA,195776,24472,NA,NA,NA,NA,71078,24453,8,0,"1,2",0.363339876497771,10,0.0896860986547085,0.915516131339867,FALSE,"",3.89520525932312,8,24472,0.363057780320366,FALSE,"Opinion/attitude",FALSE,NA,FALSE,TRUE
"christensen_2018_wsssf_2171",NA,130260,2171,NA,NA,NA,NA,130260,2171,60,0,"0,1",1,2171,0.0322432058959005,0.362966374942423,FALSE,"",6.03896450996399,60,2171,1,FALSE,"Affective/mental health",TRUE,NA,FALSE,FALSE
"christensen_2018_wsssf_5831",NA,349860,5831,NA,NA,NA,NA,349860,5831,60,0,"0,1",1,5831,0.0361859029326016,0.335448465100326,FALSE,"",0.738887310028076,60,5831,1,FALSE,"Affective/mental health",TRUE,NA,FALSE,FALSE
"colombia_2023_politics_attitudes",NA,371136,46392,NA,NA,NA,NA,355032,45240,8,0,"1,2",0.980968169761273,42088,0.142342140618003,0.957113227324427,FALSE,"",5.72309756278992,8,46392,0.956608898085877,FALSE,"Opinion/attitude",FALSE,NA,FALSE,FALSE
"colombia_2023_politics_belonging",NA,788664,46392,NA,NA,NA,NA,788664,46392,17,0,"1,2",1,46392,0.9302034833592,0.999331781341611,FALSE,"",9.32854843139648,17,46392,1,FALSE,"Opinion/attitude",FALSE,NA,FALSE,FALSE
"colombia_2023_politics_discrimination",NA,649488,46392,NA,NA,NA,NA,638470,45745,14,0,"1,2",0.996939556235654,45223,0.963407147555361,0.997449484400079,FALSE,"",7.24879026412964,14,46392,0.983035868253147,FALSE,"Opinion/attitude",FALSE,NA,FALSE,FALSE
"colombia_2023_politics_guarantees",NA,324744,46392,NA,NA,NA,NA,308410,45029,7,0,"1,2",0.978448809180116,42072,0.411130569264709,0.670377044319244,FALSE,"",5.31786775588989,7,46392,0.949701919050083,FALSE,"Opinion/attitude",FALSE,NA,FALSE,FALSE
"colombia_2023_politics_hurdles",NA,510312,46392,NA,NA,NA,NA,30452,9602,11,0,"1,2",0.288311147298858,2085,0.304076738609113,0.99136690647482,FALSE,"",5.85382843017578,11,46392,0.0596732979040273,FALSE,"Opinion/attitude",FALSE,NA,FALSE,TRUE
"colombia_2023_politics_meaning",NA,278352,46392,NA,NA,NA,NA,259560,44722,6,0,"1,2",0.967309154331202,41577,0.194831511839709,0.339775386055218,FALSE,"",5.54753232002258,6,46392,0.93248836006208,FALSE,"Opinion/attitude",FALSE,NA,FALSE,FALSE
"colombia_2023_politics_mechanisms",NA,371136,46392,NA,NA,NA,NA,308662,46392,8,0,"1,2",0.831668175547508,1427,0.353889278206027,0.95059377488488,FALSE,"",5.65838098526001,8,46392,0.831668175547508,FALSE,"Opinion/attitude",FALSE,NA,FALSE,FALSE
"colombia_2023_politics_media",NA,417528,46392,NA,NA,NA,NA,281880,46392,9,0,"1,2",0.675116399379203,29436,0.129535262943335,0.934909634461204,FALSE,"",5.75096702575684,9,46392,0.675116399379203,FALSE,"Opinion/attitude",FALSE,NA,FALSE,TRUE
"colombia_2023_politics_neighbors",NA,603096,46392,NA,NA,NA,NA,103545,46392,13,0,"1,2",0.171689084324884,0,0,1,FALSE,"",6.77230930328369,13,46392,0.171689084324884,FALSE,"Opinion/attitude",FALSE,NA,FALSE,TRUE
"colombia_2023_politics_organizations",NA,788664,46392,NA,NA,NA,NA,788664,46392,17,0,"1,2",1,46392,0.855556992584928,0.99825400931195,FALSE,"",8.93013715744019,17,46392,1,FALSE,"Opinion/attitude",FALSE,NA,FALSE,FALSE
"colombia_2023_politics_party",NA,788664,46392,NA,NA,NA,NA,422109,46392,17,0,"1,2",0.535220321962204,0,0.208421457412036,0.977191295988814,FALSE,"",10.8922874927521,17,46392,0.535220321962204,FALSE,"Opinion/attitude",FALSE,NA,FALSE,TRUE
"colombia_2023_politics_prevention",NA,324744,46392,NA,NA,NA,NA,324744,46392,7,0,"1,2",1,46392,0.65478961889981,0.825853595447491,FALSE,"",4.99993777275085,7,46392,1,FALSE,"Opinion/attitude",FALSE,NA,FALSE,FALSE
"colombia_2023_politics_procedures",NA,417528,46392,NA,NA,NA,NA,123208,46392,9,0,"1,2",0.295089191623077,9602,0.428764840658196,0.991980837325557,FALSE,"",8.43516325950623,9,46392,0.295089191623077,FALSE,"Opinion/attitude",FALSE,NA,FALSE,TRUE
"colombia_2023_politics_reasons",NA,695880,46392,NA,NA,NA,NA,366480,39933,15,0,"1,2",0.611824806550973,1504,0.207345420734542,0.958865753703609,FALSE,"",7.21811032295227,15,46392,0.526642524573202,FALSE,"Opinion/attitude",FALSE,NA,FALSE,TRUE
"colombia_2023_politics_registration",NA,510312,46392,NA,NA,NA,NA,100885,46145,11,0,"1,2",0.198750972724318,5474,0.118626069996749,0.990683229813665,FALSE,"",8.62043285369873,11,46392,0.197692784022324,FALSE,"Opinion/attitude",FALSE,NA,FALSE,TRUE
"colombia_2023_politics_risks",NA,417528,46392,NA,NA,NA,NA,417528,46392,9,0,"1,2",1,46392,0.890606138989481,0.998275564752544,FALSE,"",5.69517707824707,9,46392,1,FALSE,"Opinion/attitude",FALSE,NA,FALSE,FALSE
"colombia_2023_politics_voting",NA,1113408,46392,NA,NA,NA,NA,397097,40758,24,0,"1,2",0.405949956654726,0,0.106114137101919,0.984277456647399,FALSE,"",12.3465001583099,24,46392,0.356650033051676,FALSE,"Opinion/attitude",FALSE,NA,FALSE,TRUE
"cooper_2018_funny_topics",NA,55658,1637,NA,NA,NA,NA,55658,1637,34,0,"0,1",1,1637,0.081857055589493,0.893097128894319,FALSE,"",2.92313671112061,34,1637,1,FALSE,NA,TRUE,NA,FALSE,FALSE
"cooper_2018_offensive_topics",NA,55658,1637,NA,NA,NA,NA,55658,1637,34,0,"0,1",1,1637,0.0134392180818571,0.636530238240684,FALSE,"",2.8957576751709,34,1637,1,FALSE,NA,TRUE,NA,FALSE,FALSE
"cormier_2024_cognitive_decline",NA,5388,898,NA,NA,NA,NA,5388,898,6,0,"0,1",1,898,0.05456570155902,0.361915367483296,FALSE,"",2.63849425315857,6,898,1,FALSE,NA,TRUE,NA,FALSE,FALSE
"CPDMMC_Kunnari_2020_PDP",NA,18774,1043,NA,NA,NA,NA,18774,1043,18,0,"0,1",1,1043,0.0709491850431448,0.973154362416107,FALSE,"",3.14436006546021,18,1043,1,FALSE,NA,TRUE,NA,FALSE,FALSE
"crspolish_wiesyk_2024_lie",NA,17376,783,NA,NA,NA,NA,4689,221,12,2037,"0,1",1.76809954751131,52,0.166666666666667,0.652173913043478,FALSE,"",3.0967960357666,12,783,1.8492975734355,FALSE,"Personality",FALSE,"repeated id-item rows after wave/treat rule",FALSE,FALSE
"depue_2023_gds15",NA,20729,640,3,"1",NA,NA,9599,640,15,0,"0,1",0.999895833333333,639,0.0782472613458529,0.45,FALSE,"",0.275194644927979,15,640,2.15927083333333,TRUE,NA,TRUE,NA,TRUE,FALSE
"development_delay_anunciacao_concerns",NA,1003587,25733,NA,NA,NA,NA,1003587,25733,39,0,"0,5",1,25733,0,0.109509190533556,FALSE,"date",40.2296907901764,39,25733,1,TRUE,"Opinion/attitude",FALSE,NA,FALSE,FALSE
"difnlr_msatb",NA,28140,1407,NA,NA,NA,NA,28140,1407,20,0,"0,1",1,1407,0.184790334044065,0.923951670220327,FALSE,"",3.51984739303589,20,1407,1,FALSE,"Opinion/attitude",FALSE,NA,FALSE,FALSE
"dscore_barrera_weber_2019",NA,3346,667,NA,NA,NA,NA,3346,667,22,0,"0,1",0.228022352460134,0,0.0208333333333333,0.919354838709677,FALSE,"",2.800621509552,22,667,1,FALSE,"Developmental",FALSE,NA,FALSE,TRUE
"dscore_dutch_weber_2019",NA,166121,2038,9,"1",NA,NA,13581,2017,54,0,"0,1",0.124690133862172,0,0,1,FALSE,"",4.43112277984619,57,2038,8.20510304219823,TRUE,"Developmental",FALSE,NA,TRUE,TRUE
"dscore_mds_weber_2019",NA,1294,216,NA,NA,NA,NA,1294,216,6,0,"0,1",0.998456790123457,214,0.407407407407407,0.962962962962963,FALSE,"",4.65189290046692,6,1311,1,FALSE,"Developmental",FALSE,"< 500 respondents after wave/treat rule",FALSE,FALSE
"dscore_vineland_weber_2019",NA,83558,2244,4,"1",NA,NA,23559,834,29,0,"0,1",0.974075911684446,526,0.158156911581569,0.993990384615385,FALSE,"",3.35320639610291,50,2389,1.7480117203851,TRUE,"Developmental",FALSE,NA,TRUE,FALSE
"eammi_grahe_2018_npi",NA,41282,3179,NA,NA,NA,NA,41282,3179,13,0,"1,2",0.998911123478598,3161,0.160214038401007,0.828454516839786,FALSE,"date",1.29617047309875,13,3179,0.998911123478598,TRUE,"Personality",TRUE,NA,FALSE,FALSE
"eammi_grahe_2018_physsx",NA,34846,3173,NA,NA,NA,NA,34846,3173,13,0,"1,2",0.844771994472593,1018,0.0565495207667732,0.750769230769231,FALSE,"date",1.33387541770935,13,3173,0.844771994472593,TRUE,"Physical health/functioning",TRUE,NA,FALSE,FALSE
"ecuador_2011_safety_avoidance",NA,1225338,117651,NA,NA,NA,NA,1225338,117651,14,0,"0,1",0.743930292620911,10947,0.0143376696041404,0.73097123801584,FALSE,"",3.18483805656433,14,117651,0.743930292620911,FALSE,"Opinion/attitude",TRUE,NA,FALSE,TRUE
"ecuador_2011_safety_crime",NA,1059633,117737,NA,NA,NA,NA,1059633,117737,9,0,"0,1",1,117737,0.000823870151269355,0.103264054630235,FALSE,"",8.755286693573,9,117737,1,FALSE,"Opinion/attitude",TRUE,NA,FALSE,FALSE
"ecuador_2011_safety_homesec",NA,1185859,117685,NA,NA,NA,NA,1185859,117685,11,0,"0,1",0.916050164730965,54700,0.00582191780821918,0.10296934120175,FALSE,"",10.6454079151154,11,117685,0.916050164730965,FALSE,"Opinion/attitude",TRUE,NA,FALSE,FALSE
"ecuador_2011_safety_surroundings",NA,688462,117584,NA,NA,NA,NA,688462,117584,6,0,"0,1",0.975844219168141,105486,0.025654654335424,0.53886687354405,FALSE,"",6.41220140457153,6,117584,0.975844219168141,FALSE,"Opinion/attitude",TRUE,NA,FALSE,FALSE
"ecuador_2011_safety_victimtype",NA,705795,117737,NA,NA,NA,NA,705795,117737,6,0,"0,1",0.999112428548375,117112,0.00082387714887545,0.158310471644428,FALSE,"",1.99888253211975,6,117737,0.999112428548375,FALSE,"Opinion/attitude",TRUE,NA,FALSE,FALSE
"enders_2022_conflict",NA,24624,2054,NA,NA,NA,NA,24624,2054,12,0,"0,1",0.999026290165531,2040,0.0306867998051632,0.79649464459591,FALSE,"",13.740514755249,12,2054,0.999026290165531,FALSE,NA,FALSE,NA,FALSE,FALSE
"enders_2022_science_literacy",NA,22556,2054,NA,NA,NA,NA,22556,2054,11,0,"0,1",0.998318137558644,2040,0.115065821550463,0.887914230019493,FALSE,"",0.485813140869141,11,2054,0.998318137558644,FALSE,NA,TRUE,NA,FALSE,FALSE
"enem_2013_1mil_lc",NA,45000000,1000000,NA,NA,NA,NA,45000000,1000000,50,0,"0,1",0.9,0,0.121252107981782,0.712922,FALSE,"booklet,position",335.029316425323,40,999822,1,FALSE,"Cognitive/educational",TRUE,NA,FALSE,FALSE
"enem_2019_1mil_lc",NA,45000000,1000000,NA,NA,NA,NA,45000000,1000000,50,0,"0,1",0.9,0,0.079565,0.804954,FALSE,"booklet,position",298.343236923218,40,1000000,1,FALSE,"Cognitive/educational",TRUE,NA,FALSE,FALSE
"enem_2024_1mil_ch",NA,45000000,1000000,NA,NA,NA,NA,45000000,1000000,45,0,"0,1",1,1000000,0.114585,0.753304,FALSE,"booklet,position",338.636941432953,45,1000000,1,FALSE,"Cognitive/educational",TRUE,NA,FALSE,FALSE
"enem_2024_1mil_lc",NA,45000000,1000000,NA,NA,NA,NA,45000000,1000000,50,0,"0,1",0.9,0,0.176092,0.896785291904096,FALSE,"booklet,position",301.045000314713,41,1000000,0.975609756097561,FALSE,"Cognitive/educational",TRUE,NA,FALSE,FALSE
"enkavi_2019_ant_flanker",NA,96912,523,2,"1",NA,NA,75168,522,48,50112,"0,1",3,0,0.895274584929757,0.988505747126437,FALSE,"position",3.55946111679077,48,523,3.8604206500956,TRUE,NA,TRUE,"repeated id-item rows after wave/treat rule",TRUE,FALSE
"enkavi_2019_dpx_axcpt",NA,83967,522,2,"1",NA,NA,65029,521,24,59347,"0,1",5.20065579014715,0,0.745869394177813,0.974980037263774,FALSE,"position",3.03976607322693,24,522,6.70234674329502,TRUE,NA,FALSE,"repeated id-item rows after wave/treat rule",TRUE,FALSE
"enkavi_2019_navon",NA,64608,523,2,"1",NA,NA,50112,522,12,43850,"0,1",8,0,0.683569475515784,0.957743153918791,FALSE,"position",3.68125224113464,12,523,10.2944550669216,TRUE,NA,TRUE,"repeated id-item rows after wave/treat rule",TRUE,FALSE
"enkavi_2019_simon",NA,67300,523,2,"1",NA,NA,52200,522,8,50112,"0,1",12.5,0,0.927649402390438,0.973067729083665,FALSE,"position",4.25638484954834,8,523,16.085086042065,TRUE,NA,TRUE,"repeated id-item rows after wave/treat rule",TRUE,FALSE
"enkavi_2019_stopsignal",NA,403800,523,2,"1",NA,NA,313200,522,16,304848,"0,1",37.5,0,0.434914419250932,0.951707363906935,FALSE,"position",5.18834328651428,16,523,48.255258126195,TRUE,NA,TRUE,"repeated id-item rows after wave/treat rule",TRUE,FALSE
"enkavi_2019_stroop",NA,64608,523,2,"1",NA,NA,50112,522,9,45414,"0,1",10.6666666666667,0,0.903735632183908,0.977969348659004,FALSE,"position",3.1954882144928,9,523,13.7259400892288,TRUE,NA,TRUE,"repeated id-item rows after wave/treat rule",TRUE,FALSE
"estrella_2023_hakim5",NA,10625,2125,NA,NA,NA,NA,10625,2125,5,0,"0,1",1,2125,0.582588235294118,0.884235294117647,FALSE,"",2.71251440048218,5,2125,1,FALSE,NA,TRUE,NA,FALSE,FALSE
"eurpar2_mudfold",NA,10716,1786,NA,NA,NA,NA,10716,1786,6,0,"0,1",1,1786,0.201007838745801,0.443449048152296,FALSE,"",5.39508700370789,6,1786,1,FALSE,"Personality",TRUE,NA,FALSE,FALSE
"FACIT_YOUNT_2021_clinic10",NA,10926,607,NA,NA,NA,NA,10926,607,18,0,"0,1",1,607,0.0296540362438221,0.537067545304778,FALSE,"date",5.59205913543701,18,607,1,TRUE,NA,TRUE,NA,FALSE,FALSE
"fims_tam",NA,89194,6371,NA,NA,NA,NA,89194,6371,14,0,"0,1",1,6371,0.163082718568514,0.846491916496625,FALSE,"",3.36750483512878,14,6371,1,FALSE,"Cognitive/educational",FALSE,NA,FALSE,FALSE
"fitz_2024_numeracy",NA,30722,2806,NA,NA,NA,NA,30722,2806,11,0,"0,1",0.995334672455129,2761,0.19206008583691,0.87152034261242,FALSE,"",0.286271810531616,11,2806,0.995334672455128,FALSE,NA,TRUE,NA,FALSE,FALSE
"fitz_2024_polknow",NA,16815,2807,NA,NA,NA,NA,16815,2807,6,0,"0,1",0.998396864980406,2794,0.489839572192513,0.641657734905323,FALSE,"",2.45047903060913,6,2807,0.998396864980406,FALSE,NA,TRUE,NA,FALSE,FALSE
"florida_twins_dbi",NA,21801,606,1,NA,NA,NA,21801,606,36,0,"0,1",0.999312431243124,591,0,0.196369636963696,FALSE,"",7.8474760055542,36,606,0.999312431243125,TRUE,"Behavioral",TRUE,NA,FALSE,FALSE
"forycka_2022_mswbi",NA,9525,1361,NA,NA,NA,NA,9525,1361,7,0,"0,1",0.999790070326441,1359,0.177075679647318,0.919177075679647,FALSE,"",3.66418075561523,7,1361,0.99979007032644,FALSE,NA,FALSE,NA,FALSE,FALSE
"frac20",NA,10720,536,NA,NA,NA,NA,10720,536,20,0,"0,1",1,536,0.294776119402985,0.794776119402985,FALSE,"",4.8694920539856,20,536,1,FALSE,"Cognitive/educational",TRUE,NA,FALSE,FALSE
"fukuda_2021_withholding_behavior",NA,6000,1000,NA,NA,NA,NA,6000,1000,6,0,"0,1",1,1000,0.354,0.959,FALSE,"",2.7258415222168,6,1000,1,FALSE,NA,TRUE,NA,FALSE,FALSE
"fullscaleiq_memory_options",NA,153312,3194,NA,NA,NA,NA,153312,3194,48,0,"0,1",1,3194,0.017219787100814,0.983093299937383,FALSE,"",2.40798115730286,48,3194,1,FALSE,"Cognitive/educational",FALSE,NA,FALSE,FALSE
"fullscaleiq_mentalrotation_options",NA,153312,3194,NA,NA,NA,NA,153312,3194,48,0,"0,1",1,3194,0.00344395742016281,0.881026925485285,FALSE,"",2.58012819290161,48,3194,1,FALSE,"Cognitive/educational",FALSE,NA,FALSE,FALSE
"fullscaleiq_vocab_options",NA,178864,3194,NA,NA,NA,NA,178864,3194,56,0,"0,1",1,3194,0.000939261114589856,0.958046336881653,FALSE,"",2.42851972579956,56,3194,1,FALSE,"Cognitive/educational",FALSE,NA,FALSE,FALSE
"g308_sirt",NA,14940,747,NA,NA,NA,NA,14940,747,20,0,"0,1",1,747,0.223560910307898,0.934404283801874,FALSE,"",4.10250115394592,20,747,1,FALSE,"Cognitive/educational",FALSE,NA,FALSE,FALSE
"gabriel_2026_knowledge_correct",NA,18198,2022,NA,NA,NA,NA,18198,2022,9,0,"0,1",1,2022,0.218595450049456,0.765578635014837,FALSE,"",2.95436334609985,9,2022,1,FALSE,NA,TRUE,NA,FALSE,FALSE
"ganbat_2022_pollution_disease_risk",NA,6645,1329,NA,NA,NA,NA,6645,1329,5,0,"0,1",1,1329,0.036869826937547,0.422121896162528,FALSE,"",2.68292832374573,5,1329,1,FALSE,NA,TRUE,NA,FALSE,FALSE
"ganbat_2022_pollution_leave_type",NA,6645,1329,NA,NA,NA,NA,6645,1329,5,0,"0,1",1,1329,0.0684725357411588,0.481565086531226,FALSE,"",2.35728883743286,5,1329,1,FALSE,NA,TRUE,NA,FALSE,FALSE
"ganbat_2022_pollution_symptoms",NA,10631,1329,NA,NA,NA,NA,10631,1329,8,0,"0,1",0.999905944319037,1328,0.403310759969902,0.799097065462754,FALSE,"",2.91086411476135,8,1329,0.999905944319037,FALSE,NA,TRUE,NA,FALSE,FALSE
"gcbs_brotherton_2013_vcl",NA,39920,2495,NA,NA,NA,NA,39920,2495,16,0,"0,1",1,2495,0.0593186372745491,0.982765531062124,FALSE,"",1.57643508911133,16,2495,1,FALSE,"Cognitive/educational",TRUE,NA,FALSE,FALSE
"geiser_tam",NA,12456,519,NA,NA,NA,NA,12456,519,24,0,"0,1",1,519,0.0616570327552987,0.730250481695568,FALSE,"",3.36110472679138,24,519,1,FALSE,"Cognitive/educational",FALSE,NA,FALSE,FALSE
"gilbert_meta_1",NA,226809,7797,NA,NA,2,"0",113719,3901,30,0,"0,1",0.971708109031872,3680,0.277940005309265,0.750403009134874,FALSE,"",4.13196992874146,30,7797,0.96964217006541,FALSE,"Cognitive/educational",TRUE,NA,TRUE,FALSE
"gilbert_meta_100",NA,25416,2118,NA,NA,2,"0",11568,964,12,0,"0,1",1,964,0.172199170124481,0.828838174273859,FALSE,"",5.0799388885498,12,2118,1,FALSE,"Other",TRUE,NA,TRUE,FALSE
"gilbert_meta_102",NA,68538,1914,NA,NA,2,"0",34117,952,36,0,"0,1",0.995477357609711,942,0.114528101802757,0.83615221987315,FALSE,"",4.031986951828,36,1914,0.994688261929641,FALSE,"Cognitive/educational",TRUE,NA,TRUE,FALSE
"gilbert_meta_103",NA,53466,1914,NA,NA,2,"0",26680,952,29,0,"0,1",0.966386554621849,884,0.24835886214442,0.656531531531532,FALSE,"",4.1461386680603,29,1914,0.963247216517133,FALSE,"Cognitive/educational",TRUE,NA,TRUE,FALSE
"gilbert_meta_104",NA,16803,1914,NA,NA,2,"0",8376,952,9,0,"0,1",0.977591036414566,903,0.323366555924695,0.665966386554622,FALSE,"",3.87323617935181,9,1914,0.975444096133751,FALSE,"Cognitive/educational",TRUE,NA,TRUE,FALSE
"gilbert_meta_105",NA,17673,1170,2,"0",2,"0",4672,586,8,0,"0,1",0.996587030716723,574,0.0667808219178082,0.125,FALSE,"",4.2256920337677,8,1170,1.88814102564103,TRUE,"Behavioral",TRUE,NA,TRUE,FALSE
"gilbert_meta_106",NA,11048,1171,2,"0",2,"0",2934,588,5,0,"0,1",0.997959183673469,582,0.107142857142857,0.142857142857143,FALSE,"",3.84655785560608,5,1171,1.8869342442357,TRUE,"Affective/mental health",TRUE,NA,TRUE,FALSE
"gilbert_meta_107",NA,22122,1170,2,"0",2,"0",5854,589,10,0,"0,1",0.993887945670628,568,0.458262350936968,0.563884156729131,FALSE,"",9.73767709732056,10,1170,1.89076923076923,TRUE,"Opinion/attitude",TRUE,NA,TRUE,FALSE
"gilbert_meta_109",NA,4704,942,NA,NA,2,"0",2299,461,5,0,"0,1",0.997396963123644,459,0.6,0.715835140997831,FALSE,"",2.80282115936279,5,942,0.998726114649682,FALSE,NA,FALSE,"< 500 respondents after wave/treat rule",TRUE,FALSE
"gilbert_meta_11",NA,59246,2588,NA,NA,2,"0",26434,1140,24,0,"0,1",0.966154970760234,1061,0.0943223443223443,0.767776777677768,FALSE,"",4.53983974456787,24,2588,0.953857547655847,FALSE,"Cognitive/educational",TRUE,NA,TRUE,FALSE
"gilbert_meta_110",NA,12056,934,NA,NA,2,"0",5742,446,13,0,"0,1",0.990341497067954,436,0.43018018018018,0.759725400457666,FALSE,"",4.07944107055664,13,934,0.992917147092736,FALSE,NA,FALSE,"< 500 respondents after wave/treat rule",TRUE,FALSE
"gilbert_meta_111",NA,11747,910,NA,NA,2,"0",5557,431,13,0,"0,1",0.991790112439764,426,0.320843091334895,0.692488262910798,FALSE,"",6.34271454811096,13,910,0.992983939137785,FALSE,NA,FALSE,"< 500 respondents after wave/treat rule",TRUE,FALSE
"gilbert_meta_12",NA,59005,2612,NA,NA,2,"0",30385,1316,24,0,"0,1",0.962037740628166,1214,0.118788819875776,0.754276827371695,FALSE,"",3.94776678085327,24,2612,0.941248723838693,FALSE,"Cognitive/educational, Developmental",TRUE,NA,TRUE,FALSE
"gilbert_meta_13",NA,176009,3780,2,"0",2,"0",53325,1840,29,0,"0,1",0.99934407796102,1833,0.0135869565217391,0.921739130434783,FALSE,"",4.31705975532532,37,3780,1.25846560846561,TRUE,"Cognitive/educational",TRUE,NA,TRUE,FALSE
"gilbert_meta_15",NA,35100,3510,NA,NA,3,"0",17020,1702,10,0,"0,1",1,1702,0.163924794359577,0.90716803760282,FALSE,"",5.292475938797,10,3510,1,FALSE,"Cognitive/educational, Developmental",FALSE,NA,TRUE,FALSE
"gilbert_meta_17",NA,1840581,51652,3,"0",2,"0",131228,6250,21,0,"0,1",0.999832380952381,6228,0.05472,0.88032,FALSE,"",17.9083685874939,21,51652,1.69686971048003,TRUE,"Cognitive/educational",FALSE,NA,TRUE,FALSE
"gilbert_meta_18",NA,1809838,51652,3,"0",2,"0",131223,6250,21,0,"0,1",0.999794285714286,6223,0.02288,0.67104,FALSE,"",17.141480922699,21,51652,1.66852710262452,TRUE,"Cognitive/educational",FALSE,NA,TRUE,FALSE
"gilbert_meta_19",NA,1774229,51612,3,"0",2,"0",131200,6248,21,0,"0,1",0.999939028108042,6240,0.0107234314980794,0.854833546734955,FALSE,"",16.6922600269318,21,51612,1.63696611714514,TRUE,"Cognitive/educational",FALSE,NA,TRUE,FALSE
"gilbert_meta_2",NA,43480,2174,NA,NA,2,"0",19820,991,20,0,"0,1",1,991,0.253279515640767,0.830474268415742,FALSE,"",2.39090633392334,20,2174,1,FALSE,"Cognitive/educational",TRUE,NA,TRUE,FALSE
"gilbert_meta_23",NA,63640,958,2,"0",2,"0",14012,452,31,0,"0,1",1,452,0.103982300884956,0.869469026548673,FALSE,"",4.21467447280884,38,958,1.74815954290737,TRUE,"Cognitive/educational",TRUE,"< 500 respondents after wave/treat rule",TRUE,FALSE
"gilbert_meta_24",NA,14294,644,2,"0",2,"0",3925,314,13,0,"0,1",0.961538461538462,264,0.294520547945205,0.980519480519481,FALSE,"",3.40105366706848,13,644,1.70735785953177,TRUE,"Behavioral, Physical health/functioning",TRUE,"< 500 respondents after wave/treat rule",TRUE,FALSE
"gilbert_meta_26",NA,23310,779,2,"0",2,"0",5880,392,15,0,"0,1",1,392,0.206632653061224,0.783163265306122,FALSE,"",7.02685499191284,15,779,1.99486521181001,TRUE,"Cognitive/educational",TRUE,"< 500 respondents after wave/treat rule",TRUE,FALSE
"gilbert_meta_27",NA,246834,8857,2,"0",2,"0",30803,2257,16,0,"0,1",0.852985157288436,314,0.113867966326983,0.986264953478068,FALSE,"",5.23635292053223,18,8857,1.54826690753077,TRUE,"Developmental",TRUE,NA,TRUE,FALSE
"gilbert_meta_28",NA,185297,8857,2,"0",2,"0",23338,2257,15,0,"0,1",0.689351646728696,90,0.116918844566713,0.816901408450704,FALSE,"",4.73662805557251,17,8857,1.23064508630595,TRUE,"Developmental",TRUE,NA,TRUE,TRUE
"gilbert_meta_29",NA,358480,14576,2,"0",2,"0",44615,3692,14,0,"0,1",0.863159727596347,902,0.204225352112676,0.914951245937161,FALSE,"",6.47310876846313,15,14576,1.63959019392609,TRUE,"Developmental",TRUE,NA,TRUE,FALSE
"gilbert_meta_30",NA,164735,14576,2,"0",2,"0",18400,3692,9,0,"0,1",0.553749849524497,542,0.0140845070422535,0.781029263370333,FALSE,"",4.97732782363892,10,14576,1.13017974753019,TRUE,"Developmental",TRUE,NA,TRUE,TRUE
"gilbert_meta_31",NA,146583,12560,2,"0",2,"0",17964,2998,6,0,"0,1",0.99866577718479,2990,0.0701637153357835,0.893417975275643,FALSE,"",4.21044039726257,6,12560,1.94510350318471,TRUE,"Cognitive/educational",TRUE,NA,TRUE,FALSE
"gilbert_meta_32",NA,162640,4513,2,"0",3,"0",34940,1747,20,0,"0,1",1,1747,0.00915855752718947,0.74813966800229,FALSE,"",5.27539253234863,20,4513,1.80190560602703,TRUE,"Cognitive/educational",FALSE,NA,TRUE,FALSE
"gilbert_meta_36",NA,19740,1418,3,"0",2,"0",2585,592,5,0,"0,1",0.873310810810811,414,0.291984732824427,0.71602787456446,FALSE,"",4.51928997039795,7,1418,1.98871650211566,TRUE,"Opinion/attitude, Personality",TRUE,NA,TRUE,FALSE
"gilbert_meta_37",NA,17619,839,NA,NA,2,"0",8694,414,21,0,"0,1",1,414,0.0193236714975845,0.92512077294686,FALSE,"",3.52447652816772,21,839,1,FALSE,"Cognitive/educational",TRUE,"< 500 respondents after wave/treat rule",TRUE,FALSE
"gilbert_meta_38",NA,7551,839,NA,NA,2,"0",3726,414,9,0,"0,1",1,414,0.0169082125603865,0.985507246376812,FALSE,"",3.53997611999512,9,839,1,FALSE,"Cognitive/educational, Physical health/functioning",TRUE,"< 500 respondents after wave/treat rule",TRUE,FALSE
"gilbert_meta_39",NA,68035,6818,NA,NA,2,"0",54452,5459,10,0,"0,1",0.997472064480674,5336,0.0866935483870968,0.961686526122823,FALSE,"",3.60378479957581,10,6818,0.99787327662071,FALSE,"Cognitive/educational, Other",FALSE,NA,TRUE,FALSE
"gilbert_meta_40",NA,207858,8217,2,"0",2,"0",59928,6015,10,0,"0,1",0.996309226932668,5896,0.0487437185929648,0.913824654799534,FALSE,"",4.87469673156738,30,8217,0.843203115492272,TRUE,"Behavioral, Developmental",TRUE,NA,TRUE,FALSE
"gilbert_meta_43",NA,22404,726,2,"0",2,"0",4852,323,28,0,"0,1",0.536488279522335,0,0,0.95046439628483,FALSE,"",13.1193745136261,28,726,1.10212514757969,TRUE,"Affective/mental health, Cognitive/educational",FALSE,"< 500 respondents after wave/treat rule",TRUE,FALSE
"gilbert_meta_5",NA,37584,2928,2,"0",2,"0",10592,1530,7,0,"0,1",0.988982259570495,1473,0.157825802226588,0.890540540540541,FALSE,"",3.4721941947937,7,2928,1.83372365339578,TRUE,"Cognitive/educational, Opinion/attitude",FALSE,NA,TRUE,FALSE
"gilbert_meta_52",NA,2263206,102873,2,"0",2,"0",552717,50247,11,0,"0,1",1,50247,0.00921448046649551,0.100802037932613,FALSE,"",20.9457263946533,11,102873,2,TRUE,"Physical health/functioning",TRUE,NA,TRUE,FALSE
"gilbert_meta_53",NA,52640,1880,2,"0",2,"0",13300,950,14,0,"0,1",1,950,0.316842105263158,0.854736842105263,FALSE,"",3.50371170043945,14,1880,2,TRUE,"Cognitive/educational, Opinion/attitude",TRUE,NA,TRUE,FALSE
"gilbert_meta_55",NA,26445,1763,NA,NA,2,"0",8430,562,15,0,"0,1",1,562,0.268683274021352,0.871886120996441,FALSE,"",3.52140545845032,15,1763,1,FALSE,"Cognitive/educational",TRUE,NA,TRUE,FALSE
"gilbert_meta_58",NA,69429,1154,6,"0",2,"0",6843,576,13,0,"0,1",0.91386217948718,416,0.0328638497652582,0.655893536121673,FALSE,"",4.20195341110229,13,1154,4.62798293560859,TRUE,"Affective/mental health",TRUE,NA,TRUE,FALSE
"gilbert_meta_6",NA,589430,32950,3,"0",2,"0",126274,12841,10,0,"0,1",0.983365781481193,11874,0.103263016512602,0.870141133801151,FALSE,"",8.33515501022339,10,32950,1.78886191198786,TRUE,"Behavioral, Cognitive/educational, Opinion/attitude",FALSE,NA,TRUE,FALSE
"gilbert_meta_60",NA,53190,2558,3,"0",2,"0",10750,1200,9,0,"0,1",0.99537037037037,1164,0.603836530442035,0.80168776371308,FALSE,"",3.37546420097351,9,2558,2.31039874902267,TRUE,"Behavioral, Opinion/attitude",TRUE,NA,TRUE,FALSE
"gilbert_meta_68",NA,439888,9413,2,"0",2,"0",39848,1491,35,0,"0,1",0.763591070230909,200,0.0141043723554302,0.856709628506444,FALSE,"test",2.17463231086731,35,9413,1.33519904084018,TRUE,"Cognitive/educational",TRUE,NA,TRUE,TRUE
"gilbert_meta_69",NA,387718,9410,2,"0",2,"0",35113,1487,30,0,"0,1",0.787110513337817,226,0.173141891891892,0.849658314350797,FALSE,"test",6.27867460250854,30,9410,1.37342543393553,TRUE,"Cognitive/educational",TRUE,NA,TRUE,TRUE
"gilbert_meta_7",NA,49259,1386,NA,NA,2,"0",22163,625,36,0,"0,1",0.985022222222222,608,0.105090311986864,0.869067103109656,FALSE,"",3.90918397903442,36,1386,0.987233445566779,FALSE,"Cognitive/educational",TRUE,NA,TRUE,FALSE
"gilbert_meta_70",NA,395462,6391,3,"0",2,"0",27390,918,30,0,"0,1",0.994553376906318,875,0.00662251655629139,0.214596949891068,FALSE,"test",9.96271753311157,33,6391,1.87508949611907,TRUE,NA,TRUE,NA,TRUE,FALSE
"gilbert_meta_71",NA,310247,6389,3,"0",2,"0",17795,895,20,0,"0,1",0.99413407821229,876,0.0147727272727273,0.33854748603352,FALSE,"test",6.86249494552612,20,6389,2.42797777429958,TRUE,"Cognitive/educational",TRUE,NA,TRUE,FALSE
"gilbert_meta_72",NA,435609,5388,3,"0",2,"0",32862,720,47,0,"0,1",0.971099290780142,461,0.103235747303544,0.86908077994429,FALSE,"test",7.40945196151733,53,5388,1.52543387821994,TRUE,"Cognitive/educational",FALSE,NA,TRUE,FALSE
"gilbert_meta_73",NA,358304,5386,3,"0",2,"0",22499,735,31,0,"0,1",0.987447882378758,690,0.243661971830986,0.906122448979592,FALSE,"test",6.73861289024353,36,5386,1.84791847175806,TRUE,"Cognitive/educational",TRUE,NA,TRUE,FALSE
"gilbert_meta_74",NA,29400,1225,2,"1",2,"0",6708,559,12,0,"0,1",1,559,0.166368515205725,0.849731663685152,FALSE,"",3.38676452636719,12,1225,2,TRUE,NA,TRUE,NA,TRUE,FALSE
"gilbert_meta_77",NA,58838,1188,2,"0",2,"0",16120,620,26,0,"0,1",1,620,0.462903225806452,0.816129032258065,FALSE,"",3.71670150756836,26,1188,1.90488215488215,TRUE,"Cognitive/educational",FALSE,NA,TRUE,FALSE
"gilbert_meta_79",NA,64560,1189,2,"0",2,"0",17636,619,30,0,"0,1",0.949703823371029,196,0.0726978998384491,0.776699029126214,FALSE,"",4.29967904090881,30,1189,1.80992430613961,TRUE,"Cognitive/educational",TRUE,NA,TRUE,FALSE
"gilbert_meta_8",NA,37182,1335,NA,NA,2,"0",16790,602,29,0,"0,1",0.96173673960362,552,0.231304347826087,0.682310469314079,FALSE,"",3.85019016265869,29,1335,0.960402944595118,FALSE,"Cognitive/educational",TRUE,NA,TRUE,FALSE
"gilbert_meta_80",NA,50940,1189,2,"0",2,"0",13830,621,34,0,"0,1",0.655015629440182,0,0,0.962962962962963,FALSE,"",4.05565762519836,36,1189,1.19007569386039,TRUE,"Cognitive/educational",FALSE,NA,TRUE,TRUE
"gilbert_meta_81",NA,25310,1188,2,"0",2,"0",6853,620,18,0,"0,1",0.614068100358423,6,0.0217391304347826,0.964285714285714,FALSE,"",4.94740009307861,18,1188,1.18359521137299,TRUE,"Cognitive/educational",TRUE,NA,TRUE,TRUE
"gilbert_meta_82",NA,25493,1188,2,"0",2,"0",6657,620,17,0,"0,1",0.631593927893738,4,0.00588235294117647,0.946291560102302,FALSE,"",3.92746138572693,18,1188,1.19215301159746,TRUE,"Cognitive/educational",TRUE,NA,TRUE,TRUE
"gilbert_meta_87",NA,19954,1244,2,"0",2,"0",7267,663,11,0,"0,1",0.996434937611408,656,0.0758725341426404,0.993966817496229,FALSE,"",3.81797313690186,11,1244,1.45819935691318,TRUE,NA,TRUE,NA,TRUE,FALSE
"gilbert_meta_88",NA,51828,2433,2,"0",2,"0",14568,1214,12,0,"0,1",1,1214,0.21499176276771,0.92833607907743,FALSE,"",4.22889828681946,12,2433,1.77517468146321,TRUE,"Behavioral",TRUE,NA,TRUE,FALSE
"gilbert_meta_9",NA,48210,1646,2,"0",2,"0",5978,427,14,0,"0,1",1,427,0.0257611241217799,0.362997658079625,FALSE,"",1.72152423858643,19,1646,1.54153610027499,TRUE,"Affective/mental health, Behavioral",FALSE,"< 500 respondents after wave/treat rule",TRUE,FALSE
"gilbert_meta_90",NA,36383,1773,1,NA,2,"0",18536,899,21,0,"0,1",0.981831664812755,801,0.0135287485907554,0.986547085201794,FALSE,"",3.97084712982178,21,1773,0.97717078935353,TRUE,"Cognitive/educational",TRUE,NA,TRUE,FALSE
"goldberg_2018_spa_beliefs_about_intelligence",NA,4364,730,NA,NA,NA,NA,4364,730,6,0,"1,2",0.99634703196347,717,0.0589041095890411,0.786301369863014,FALSE,"",4.75483369827271,6,730,0.99634703196347,FALSE,NA,TRUE,NA,FALSE,FALSE
"hicks_2020_bioveda",NA,12320,770,NA,NA,NA,NA,12320,770,16,0,"0,1",1,770,0.302597402597403,0.811688311688312,FALSE,"",2.59727787971497,16,770,1,FALSE,NA,TRUE,NA,FALSE,FALSE
"himmelstein-cognitive_reflection-2025",NA,8244,1188,2,"3",NA,NA,3944,569,7,0,"0,1",0.990208385638966,543,0.407732864674868,0.618613138686131,FALSE,"",5.1288914680481,7,1188,0.991341991341991,TRUE,"Behavioral",TRUE,NA,TRUE,FALSE
"himmelstein-number_series-2025",NA,9099,1189,2,"3",NA,NA,4351,569,9,0,"0,1",0.849638742433119,192,0.0185614849187935,0.836363636363636,FALSE,"",8.79690408706665,9,1189,0.850294365012616,TRUE,"Cognitive/educational",TRUE,NA,TRUE,FALSE
"himmelstein-shipley_abstraction-2025",NA,66416,1186,2,"3",NA,NA,34608,618,56,0,"0,1",1,618,0.0614886731391586,0.969255663430421,FALSE,"",3.22634840011597,56,1186,1,TRUE,"Cognitive/educational",FALSE,NA,TRUE,FALSE
"himmelstein-shipley_vocabulary-2025",NA,47480,1187,2,"3",NA,NA,24720,618,40,0,"0,1",1,618,0,1,FALSE,"",4.38744735717773,40,1187,1,TRUE,"Cognitive/educational",FALSE,NA,TRUE,FALSE
"hoorani_2022_child_help",NA,2675,535,1,NA,NA,NA,2675,535,5,0,"0,1",1,535,0.947663551401869,0.990654205607477,FALSE,"",2.73108577728271,5,535,1,TRUE,NA,TRUE,NA,FALSE,FALSE
"huang_2023_c_scale",NA,18915,631,NA,NA,NA,NA,18915,631,30,0,"1,2",0.999207606973059,617,0.158478605388273,0.782051282051282,FALSE,"",2.54682421684265,30,631,0.999207606973058,FALSE,NA,FALSE,NA,FALSE,FALSE
"hyatt_2023_aggression_cab",NA,7884,657,NA,NA,NA,NA,7884,657,12,0,"1,2",1,657,0.0395738203957382,0.292237442922374,FALSE,"",5.53784537315369,12,657,1,FALSE,"Behavioral",FALSE,NA,FALSE,FALSE
"icar_sapa",NA,1199896,95236,NA,NA,NA,NA,1199896,95236,60,0,"0,1",0.209986419701233,0,0.0837203131219318,0.960262899448516,FALSE,"",2.77982091903687,60,95236,0.209986419701233,FALSE,"Cognitive/educational",FALSE,NA,FALSE,TRUE
"imps2025_hf",NA,114823,2475,NA,NA,NA,NA,114823,2475,4,104973,"0,1",11.5982828282828,2,0.820743896444372,0.914502404735479,FALSE,"time,trial_num,test,cohort",4.46449708938599,46.3931313131313,2475,2475,FALSE,NA,TRUE,"repeated id-item rows after wave/treat rule",FALSE,FALSE
"itemrandom_buchanan_2018_LPQ",NA,33978,1703,NA,NA,2,"0",15809,793,20,0,"0,1",0.996784363177806,752,0.397712833545108,0.89520202020202,FALSE,"",2.2231171131134,20,1703,0.997592483852026,FALSE,NA,FALSE,NA,TRUE,FALSE
"jaen_2024_odor_id",NA,7605,845,NA,NA,NA,NA,7605,845,9,0,"0,1",1,845,0.484023668639053,0.939644970414201,FALSE,"",2.63082218170166,9,845,1,FALSE,NA,TRUE,NA,FALSE,FALSE
"kemp_2019_mss_disorganized",NA,22804,584,2,"1",NA,NA,11350,584,25,0,"0,1",0.777397260273973,334,0.0479041916167665,0.212574850299401,FALSE,"date",8.11481785774231,25,584,1.56191780821918,TRUE,"Affective/mental health, Personality",FALSE,NA,TRUE,TRUE
"kemp_2019_mss_negative",NA,23971,584,2,"1",NA,NA,11934,584,26,0,"0,1",0.785958904109589,334,0.0684931506849315,0.422155688622754,FALSE,"date",5.20421934127808,26,584,1.57870126448894,TRUE,"Affective/mental health, Personality",FALSE,NA,TRUE,TRUE
"kemp_2019_mss_positive",NA,23972,584,2,"1",NA,NA,11934,584,26,0,"0,1",0.785958904109589,334,0.0325342465753425,0.253424657534247,FALSE,"date",13.0648503303528,26,584,1.57876712328767,TRUE,"Affective/mental health, Personality",FALSE,NA,TRUE,TRUE
"knight_2026_crt",NA,6993,999,NA,NA,2,"0",3493,499,7,0,"0,1",1,499,0.2625250501002,0.521042084168337,FALSE,"",3.07926273345947,7,999,1,FALSE,NA,TRUE,"< 500 respondents after wave/treat rule",TRUE,FALSE
"KoreanNursing_Park_2017",NA,37050,741,NA,NA,NA,NA,37050,741,50,0,"0,1",1,741,0.0148448043184885,0.964912280701754,FALSE,"",3.51519250869751,50,740,1,FALSE,NA,TRUE,NA,FALSE,FALSE
"KTEEM_Schoen_2019-2022",NA,87404,1130,5,"Spring19",NA,NA,19648,614,32,0,"0,1",1,614,0.197068403908795,0.819218241042345,FALSE,"",3.43091726303101,35,1130,2.2099620733249,FALSE,NA,FALSE,NA,TRUE,FALSE
"lec5_xiong_2025",NA,161602,9506,NA,NA,NA,NA,161602,9506,17,0,"0,1",1,9506,0.00368188512518409,0.256890385019987,FALSE,"",1.67701864242554,17,9506,1,FALSE,"Affective/mental health",TRUE,NA,FALSE,FALSE
"lexical_difficulty_altgassen_2025_s02_gc",NA,13272,1106,NA,NA,NA,NA,13272,1106,12,0,"0,1",1,1106,0.221518987341772,0.672694394213382,FALSE,"",4.19547653198242,12,1106,1,FALSE,"Cognitive/educational",FALSE,NA,FALSE,FALSE
"lexical_difficulty_altgassen_2025_s02_ws",NA,33180,1106,NA,NA,NA,NA,33180,1106,30,0,"0,1",1,1106,0.136528028933092,0.920433996383363,FALSE,"",2.97516441345215,30,1106,1,FALSE,"Cognitive/educational",FALSE,NA,FALSE,FALSE
"li_2024_fa",NA,14963,1151,NA,NA,NA,NA,14963,1151,13,0,"0,1",1,1151,0.0425716768027802,0.220677671589922,FALSE,"",2.98106908798218,13,1151,1,FALSE,NA,FALSE,NA,FALSE,FALSE
"li_2024_sad",NA,32228,1151,NA,NA,NA,NA,32228,1151,28,0,"0,1",1,1151,0.339704604691573,0.66637706342311,FALSE,"",2.86978650093079,28,1151,1,FALSE,NA,FALSE,NA,FALSE,FALSE
"liu_2025_xljk",NA,10548,879,NA,NA,NA,NA,10548,879,12,0,"0,1",1,879,0.0614334470989761,0.321956769055745,FALSE,"",3.50658655166626,12,879,1,FALSE,NA,FALSE,NA,FALSE,FALSE
"lsat",NA,5000,1000,NA,NA,NA,NA,5000,1000,5,0,"0,1",1,1000,0.553,0.924,FALSE,"",3.35288238525391,5,1000,1,FALSE,NA,FALSE,NA,FALSE,FALSE
"machivallianism_test_vcl",NA,1175824,73489,NA,NA,NA,NA,1175824,73489,16,0,"0,1",1,73489,0.0789778062022888,0.968321789655595,FALSE,"",2.51883959770203,16,73489,1,FALSE,"Behavioral, Opinion/attitude",TRUE,NA,FALSE,FALSE
"mcmi_mokken",NA,53152,1208,NA,NA,NA,NA,53152,1208,44,0,"0,1",1,1208,0.116721854304636,0.672185430463576,FALSE,"",3.83105540275574,44,1208,1,FALSE,"Affective/mental health",FALSE,NA,FALSE,FALSE
"mexico_2023_quality_corruption",NA,394480,78896,NA,NA,NA,NA,390179,78787,5,0,"0,1",0.990465432114435,75956,0.425477258501982,0.971606304621608,FALSE,"",5.12112593650818,5,78896,0.989097039140134,FALSE,"Opinion/attitude",TRUE,NA,FALSE,FALSE
"mexico_2023_quality_electricgovernment",NA,473376,78896,NA,NA,NA,NA,471709,78670,6,0,"0,1",0.999341129613152,78535,0.67479012973798,0.94885691385825,FALSE,"",5.63815522193909,6,78896,0.996478486446292,FALSE,"Opinion/attitude",TRUE,NA,FALSE,FALSE
"mexico_2023_quality_low",NA,946752,78896,NA,NA,NA,NA,723611,78896,12,0,"0,1",0.764308921449334,5077,0.0578229568038937,0.988964738489966,FALSE,"",9.96863031387329,12,78896,0.442898457040492,FALSE,"Opinion/attitude",TRUE,NA,FALSE,TRUE
"mexico_2023_quality_problems",NA,946752,78896,NA,NA,NA,NA,946752,78896,12,0,"0,1",1,78896,0.00458831879943216,0.681796288785236,FALSE,"",13.5514709949493,12,78896,0.620418018657473,FALSE,"Opinion/attitude",TRUE,NA,FALSE,FALSE
"mexico_2024_q2safety_harassment",NA,216912,24108,NA,NA,NA,NA,216912,24108,9,0,"1,2",0.999723466622421,24084,0.890313213026343,0.997177954847278,FALSE,"",1.33607482910156,9,24108,0.999723466622421,FALSE,"Opinion/attitude",TRUE,NA,FALSE,FALSE
"mexico_2024_q3safety_violence",NA,144521,24087,NA,NA,NA,NA,144521,24087,6,0,"1,2",0.999993080638242,24086,0.950844854070661,0.997135265299344,FALSE,"",1.32026767730713,6,24087,0.999993080638242,FALSE,"Opinion/attitude",TRUE,NA,FALSE,FALSE
"mexico_2024_q4safety_harassment",NA,210895,23439,NA,NA,NA,NA,210895,23439,9,0,"1,2",0.999734535508246,23419,0.911034306195597,0.997397277808593,FALSE,"",1.33479118347168,9,23439,0.999734535508246,FALSE,"Opinion/attitude",TRUE,NA,FALSE,FALSE
"mexico_2025_q2safety_harassment",NA,213345,23712,NA,NA,NA,NA,213345,23712,9,0,"1,2",0.999704790823212,23689,0.904512863770561,0.997764561980682,FALSE,"",3.94598007202148,9,23712,0.999704790823212,FALSE,"Opinion/attitude",TRUE,NA,FALSE,FALSE
"mexico_2025_q3safety_violence",NA,141783,23632,NA,NA,NA,NA,141783,23632,6,0,"1,2",0.999936526743399,23629,0.95234870926788,0.997334010410055,FALSE,"",5.15641045570374,6,23632,0.999936526743399,FALSE,"Opinion/attitude",TRUE,NA,FALSE,FALSE
"mexico_2025_q4safety_harassment",NA,215130,23914,NA,NA,NA,NA,215130,23914,9,0,"1,2",0.99955395723565,23875,0.90600686020246,0.997447271509876,FALSE,"",4.3568742275238,9,23914,0.99955395723565,FALSE,"Opinion/attitude",TRUE,NA,FALSE,FALSE
"miedema_2023_ecs40",NA,37149,930,NA,NA,NA,NA,37149,930,40,0,"0,1",0.998629032258065,885,0.0193965517241379,0.256989247311828,FALSE,"",0.810731172561646,40,930,0.998629032258065,FALSE,NA,TRUE,NA,FALSE,FALSE
"mironshatz_2015_paired_comparison",NA,4819,809,NA,NA,NA,NA,4819,809,6,0,"0,1",0.992789451998352,784,0.507444168734491,0.935483870967742,FALSE,"",4.36279368400574,6,809,0.992789451998352,FALSE,NA,FALSE,NA,FALSE,FALSE
"mistry_2022_hardship",NA,16140,2077,NA,NA,NA,NA,16140,2077,8,0,"0,1",0.971352912855079,1772,0.249624060150376,0.688493018777082,FALSE,"",4.58082914352417,8,2077,0.971352912855079,FALSE,NA,TRUE,NA,FALSE,FALSE
"mobility",NA,67560,8445,NA,NA,NA,NA,67560,8445,8,0,"0,1",1,8445,0.0530491415038484,0.798697454114861,FALSE,"",4.31729483604431,8,8445,1,FALSE,"Behavioral",TRUE,NA,FALSE,FALSE
"mpsycho_Rmotivation",NA,30672,852,NA,NA,NA,NA,29687,852,36,0,"0,1",0.96788601982264,767,0.0613496932515337,0.910287081339713,FALSE,"",3.35576915740967,36,852,0.96788601982264,FALSE,NA,FALSE,NA,FALSE,FALSE
"mpsycho_rwdq",NA,18990,1055,NA,NA,NA,NA,16498,1049,18,0,"0,1",0.873742188327508,368,0.568904593639576,0.958968347010551,FALSE,"",4.34261608123779,18,1055,0.868773038441285,FALSE,"Cognitive/educational",TRUE,NA,FALSE,FALSE
"mpsycho_wilmer",NA,36775,1471,NA,NA,NA,NA,36775,1471,25,0,"0,1",1,1471,0.282121006118287,0.587355540448674,FALSE,"",3.12244939804077,25,1471,1,FALSE,"Cognitive/educational",FALSE,NA,FALSE,FALSE
"much_tte_2025_actionorientation",NA,14928,1244,NA,NA,2,"0",11904,992,12,0,"0,1",1,992,0.167338709677419,0.649193548387097,FALSE,"",4.00247645378113,12,1244,1,FALSE,"Cognitive/educational",FALSE,NA,TRUE,FALSE
"much_tte_2025_concentrationtask",NA,11196,1244,3,"1",2,"0",2976,992,3,0,"0,1",1,992,0.729838709677419,0.744959677419355,FALSE,"",5.24974608421326,9,1244,1,TRUE,"Cognitive/educational",TRUE,"item count outside 5-60 after rule",TRUE,FALSE
"much_tte_2025_matrixreasoning",NA,24880,1244,2,"1",2,"0",9874,991,10,0,"0,1",0.996367305751766,977,0.230535894843276,0.774291497975709,FALSE,"",12.3530941009521,20,1244,1,TRUE,"Cognitive/educational",TRUE,NA,TRUE,FALSE
"nabizadehchianeh_2026_tempsa",NA,27807,713,NA,NA,NA,NA,27807,713,39,0,"0,1",1,713,0.0490883590462833,0.758765778401122,FALSE,"",2.63634657859802,39,713,1,FALSE,NA,FALSE,NA,FALSE,FALSE
"naep_multilcirt",NA,18120,1510,NA,NA,NA,NA,18120,1510,12,0,"0,1",1,1510,0.27682119205298,0.867549668874172,FALSE,"",4.02149105072021,12,1510,1,FALSE,"Cognitive/educational",FALSE,NA,FALSE,FALSE
"narcissism_schneider_2025_study1_jauk_npi",NA,40171,1006,NA,NA,NA,NA,40171,1006,40,0,"0,1",0.998285288270378,973,0.121635094715852,0.799601196410768,FALSE,"",4.02927303314209,40,1005,0.380099502487562,FALSE,"Personality",FALSE,NA,FALSE,FALSE
"narcissistic_personality_inventory",NA,448298,11241,NA,NA,NA,NA,448298,11241,40,0,"1,2",0.99701539008985,10440,0.157810271041369,0.852119589468987,FALSE,"",5.11028671264648,40,11241,0.99701539008985,FALSE,"Personality",TRUE,NA,FALSE,FALSE
"nflverse_passes",NA,366274,616,NA,NA,NA,NA,366274,616,12,362363,"0,1",49.5500541125541,2,0.333706795137527,0.824642240042533,FALSE,"date,trial_number",0.532069683074951,12,616,49.5500541125541,TRUE,NA,FALSE,"repeated id-item rows after wave/treat rule",FALSE,FALSE
"onah_2021_covid_info_sources",NA,78900,7890,NA,NA,NA,NA,78900,7890,10,0,"0,1",1,7890,0.1595690747782,0.734220532319392,FALSE,"",2.51747488975525,10,7890,1,FALSE,NA,TRUE,NA,FALSE,FALSE
"onah_2021_covid_knowledge",NA,197250,7890,NA,NA,NA,NA,197250,7890,25,0,"0,1",1,7890,0.247275031685678,0.757794676806084,FALSE,"",3.0000536441803,25,7890,1,FALSE,NA,TRUE,NA,FALSE,FALSE
"ordak_2026_vaccine_misreasoning",NA,5970,597,NA,NA,NA,NA,5970,597,10,0,"0,1",1,597,0.127303182579564,0.703517587939699,FALSE,"",2.75200796127319,10,597,1,FALSE,NA,TRUE,NA,FALSE,FALSE
"oxfordcovid_xue_2024_mh",NA,39840,2248,3,"0",NA,NA,33720,2248,15,0,"0,1",1,2248,0.00622775800711744,0.561387900355872,FALSE,"",1.63171601295471,15,2248,1.18149466192171,TRUE,"Affective/mental health",TRUE,NA,TRUE,FALSE
"paraguay_2021_women_control",NA,19345,3225,NA,NA,NA,NA,19345,3225,6,0,"1,2",0.999741602067183,3224,0.0524193548387097,0.238833746898263,FALSE,"",0.246243715286255,6,3225,0.999741602067183,FALSE,"Opinion/attitude",TRUE,NA,FALSE,FALSE
"paraguay_2021_women_family",NA,65505,3276,NA,NA,NA,NA,65505,3276,20,0,"1,2",0.999771062271062,3261,0.00244200244200244,0.409590714722053,FALSE,"",0.281749248504639,20,3276,0.999771062271062,FALSE,"Opinion/attitude",TRUE,NA,FALSE,FALSE
"paraguay_2021_women_partner",NA,74134,3224,NA,NA,NA,NA,74134,3224,23,0,"1,2",0.999757255367353,3206,0.000310269934843314,0.200124107973937,FALSE,"",0.313149452209473,23,3224,0.999757255367353,FALSE,"Opinion/attitude",TRUE,NA,FALSE,FALSE
"paraguay_2021_women_public",NA,68783,3276,NA,NA,NA,NA,68783,3276,21,0,"1,2",0.999811035525321,3264,0.00427350427350427,0.412087912087912,FALSE,"",0.319539785385132,21,3276,0.999811035525321,FALSE,"Opinion/attitude",TRUE,NA,FALSE,FALSE
"pavic_2022_science_literacy",NA,8655,577,NA,NA,NA,NA,8655,577,15,0,"0,1",1,577,0.502599653379549,0.939341421143847,FALSE,"",4.80877161026001,15,577,1,FALSE,NA,TRUE,NA,FALSE,FALSE
"peters_2025_hw_frequency",NA,498162,71166,NA,NA,NA,NA,498162,71166,7,0,"0,1",1,71166,0.040033161903156,0.814686788635022,FALSE,"date",6.57350063323975,7,71166,1,TRUE,NA,TRUE,NA,FALSE,FALSE
"peters_2025_si_current",NA,447504,74584,NA,NA,NA,NA,447504,74584,6,0,"0,1",1,74584,0.269990882763059,0.741647002037971,FALSE,"date",7.8368878364563,6,74584,1,TRUE,NA,TRUE,NA,FALSE,FALSE
"peters_2025_si_intention",NA,369745,73949,NA,NA,NA,NA,369745,73949,5,0,"0,1",1,73949,0.240679387145195,0.416340991764594,FALSE,"date",5.34201645851135,5,73949,1,TRUE,NA,TRUE,NA,FALSE,FALSE
"pirlsmissing_sirt",NA,121800,3480,NA,NA,NA,NA,110797,3480,35,0,"0,1",0.909663382594417,1549,0.190165194006915,0.908202546639029,FALSE,"",3.50789284706116,35,3480,0.909663382594417,FALSE,"Cognitive/educational",FALSE,NA,FALSE,FALSE
"pks_probability",NA,12096,504,2,"0",NA,NA,6048,504,12,0,"0,1",1,504,0.505952380952381,0.890873015873016,FALSE,"",4.05028319358826,24,504,1,TRUE,"Cognitive/educational",TRUE,NA,TRUE,FALSE
"powell_2018_memory",NA,2615,523,NA,NA,NA,NA,2615,523,5,0,"0,1",1,523,0.652007648183556,0.97131931166348,FALSE,"",2.58119344711304,5,523,1,FALSE,NA,FALSE,NA,FALSE,FALSE
"preschool_sel_akt",NA,35522,987,NA,NA,NA,NA,35522,987,65,0,"0,1,2",0.553690281349856,0,0.232409381663113,0.920332936979786,FALSE,"",1.54192423820496,17,883,0.966358004130304,FALSE,"Affective/mental health, Cognitive/educational, Developmental",TRUE,"responses not 2-valued",FALSE,FALSE
"preschool_sel_box",NA,14234,735,NA,NA,NA,NA,14234,735,20,0,"0,1",0.968299319727891,667,0.458625525946704,0.813370473537604,FALSE,"",1.60527753829956,20,735,0.968299319727891,FALSE,"Cognitive/educational, Developmental",TRUE,NA,FALSE,FALSE
"preschool_sel_dn",NA,12194,880,NA,NA,NA,NA,12194,880,14,0,"0,1,2",0.989772727272727,844,0.406429391504018,0.575722543352601,FALSE,"",7.64974212646484,14,878,0.933289944679466,FALSE,"Affective/mental health, Cognitive/educational, Developmental",TRUE,"responses not 2-valued",FALSE,FALSE
"preschool_sel_emt",NA,21016,898,NA,NA,NA,NA,21016,898,48,0,"0,1,2",0.487564959168523,0,0.232409381663113,0.806532663316583,FALSE,"",6.68227982521057,48,898,0.487564959168523,FALSE,"Affective/mental health, Cognitive/educational, Developmental",TRUE,"responses not 2-valued",FALSE,FALSE
"preschool_sel_htks",NA,8320,847,NA,NA,NA,NA,8320,847,10,0,"0,1,2",0.982290436835891,793,0.191438763376932,0.234319526627219,FALSE,"",5.96070909500122,10,847,0.982290436835891,FALSE,"Affective/mental health, Cognitive/educational, Developmental",TRUE,"responses not 2-valued",FALSE,FALSE
"preschool_sel_pl",NA,19036,965,NA,NA,NA,NA,19036,965,39,0,"0,1",0.505805765909393,0,0.377049180327869,0.962430939226519,FALSE,"",3.44158625602722,39,965,0.505805765909393,FALSE,"Affective/mental health, Cognitive/educational, Developmental",TRUE,NA,FALSE,TRUE
"project_kids_ctopp",NA,62554,1421,2,"1",2,"0",17435,633,58,0,"0,1",0.474886964100888,4,0.0447761194029851,0.91965811965812,FALSE,"",3.70355987548828,58,1421,0.758984687810915,TRUE,"Behavioral, Cognitive/educational",FALSE,NA,TRUE,TRUE
"project_kids_told_grade",NA,15220,593,2,"1",2,"0",2827,117,28,0,"0,1",0.862942612942613,67,0.0975609756097561,0.859649122807018,FALSE,"",3.38993573188782,28,593,0.916646591182847,TRUE,"Behavioral, Cognitive/educational",FALSE,"< 500 respondents after wave/treat rule",TRUE,FALSE
"project_kids_told_wave",NA,51602,1386,2,"1",2,"0",19664,578,58,0,"0,1",0.586564849063358,46,0.0764705882352941,0.918402777777778,FALSE,"",3.8435115814209,58,1386,0.641911728118625,TRUE,"Behavioral, Cognitive/educational",FALSE,NA,TRUE,TRUE
"project_kids_topel",NA,36388,1066,1,NA,2,"0",17040,497,36,0,"0,1",0.952380952380952,376,0.649087221095335,0.963782696177062,FALSE,"",3.95488405227661,36,1066,0.948196789660204,TRUE,"Behavioral, Cognitive/educational",FALSE,"< 500 respondents after wave/treat rule",TRUE,FALSE
"project_kids_wj_ap",NA,42253,511,3,"1",2,"0",6698,221,72,0,"0,1",0.420940170940171,0,0,1,FALSE,"",3.5397310256958,39,511,2.12017662702594,TRUE,"Behavioral, Cognitive/educational, Developmental",FALSE,"< 500 respondents after wave/treat rule",TRUE,FALSE
"project_kids_wj_pc_grade",NA,39371,849,2,"1",2,"0",7615,273,36,0,"0,1",0.774827024827025,34,0,0.996336996336996,FALSE,"",3.62760901451111,41,849,1.1310580596972,TRUE,"Behavioral, Cognitive/educational",FALSE,"< 500 respondents after wave/treat rule",TRUE,FALSE
"project_kids_wj_pc_wave",NA,226884,3770,3,"1",2,"0",31320,1294,91,0,"0,1",0.265978225792754,0,0,0.995203836930456,FALSE,"",4.242267370224,44,3770,1.36775982638052,TRUE,"Behavioral, Cognitive/educational, Developmental",FALSE,"item count outside 5-60 after rule",TRUE,FALSE
"project_kids_wj_pv_grade",NA,33220,846,2,"1",2,"0",7508,277,33,0,"0,1",0.821354337599825,1,0,0.996389891696751,FALSE,"",3.60367035865784,34,846,1.15491586705604,TRUE,"Behavioral, Cognitive/educational",FALSE,"< 500 respondents after wave/treat rule",TRUE,FALSE
"project_kids_wj_pv_wave",NA,331616,3960,3,"1",2,"0",52707,1736,112,0,"0,1",0.271081920671494,0,0,1,FALSE,"",4.44001770019531,43,3960,1.94747474747475,TRUE,"Behavioral, Cognitive/educational",FALSE,"item count outside 5-60 after rule",TRUE,FALSE
"project_kids_wj_sa",NA,120449,1574,3,"1",2,"0",23573,557,45,0,"0,1",0.940474765609416,204,0.0636042402826855,0.96229802513465,FALSE,"",3.67850661277771,45,1574,1.7005364958351,TRUE,"Cognitive/educational",FALSE,NA,TRUE,FALSE
"project_kids_wj_spell_grade",NA,37753,847,2,"1",2,"0",7698,276,41,0,"0,1",0.680275715800636,7,0.0465116279069767,1,FALSE,"",3.93813729286194,47,847,0.948353387424954,TRUE,"Cognitive/educational",FALSE,"< 500 respondents after wave/treat rule",TRUE,FALSE
"project_kids_wj_spell_wave",NA,27696,733,2,"1",2,"0",2969,127,37,0,"0,1",0.631836560970419,1,0,1,FALSE,"",3.49230790138245,47,733,0.803924414385649,TRUE,"Behavioral, Cognitive/educational, Developmental",FALSE,"< 500 respondents after wave/treat rule",TRUE,FALSE
"project_kids_wj_wa_grade",NA,32468,842,2,"1",2,"0",6302,278,31,0,"0,1",0.731260153167788,72,0.0666666666666667,0.992779783393502,FALSE,"",3.30804419517517,32,842,1.20501781472684,TRUE,"Behavioral, Cognitive/educational",FALSE,"< 500 respondents after wave/treat rule",TRUE,FALSE
"project_kids_wj_wa_wave",NA,106473,2760,3,"1",2,"0",18187,898,91,0,"0,1",0.222558065542475,0,0,1,FALSE,"",3.6800901889801,32,2760,1.20553668478261,TRUE,"Behavioral, Cognitive/educational, Developmental",FALSE,"item count outside 5-60 after rule",TRUE,FALSE
"project_kids_wj_wf",NA,22512,1470,3,"1",2,"0",4497,520,66,0,"0,1",0.131031468531469,0,0.2,1,FALSE,"",9.85929918289185,30,1470,0.51047619047619,TRUE,"Behavioral, Cognitive/educational, Developmental",FALSE,"item count outside 5-60 after rule",TRUE,FALSE
"psychtools_ability",NA,24400,1525,NA,NA,NA,NA,23257,1509,16,0,"0,1",0.963262094102054,1248,0.193150684931507,0.7375,FALSE,"",2.42042446136475,16,1525,0.953155737704918,FALSE,"Cognitive/educational",FALSE,NA,FALSE,FALSE
"psychtools_epi",NA,203490,3570,NA,NA,NA,NA,198744,3516,57,0,"0,1",0.991677145081133,2897,0.101316542644533,0.834524149757073,FALSE,"",3.86577439308167,57,3570,0.976676986584107,FALSE,"Personality",TRUE,NA,FALSE,FALSE
"quantshort",NA,24000,1000,NA,NA,NA,NA,24000,1000,24,0,"0,1",1,1000,0.273,0.701,FALSE,"",6.35201406478882,24,1000,1,FALSE,"Cognitive/educational",FALSE,NA,FALSE,FALSE
"quopl2_forster_2021_dmat",NA,63808,1994,NA,NA,NA,NA,9985,332,32,0,"0,1",0.939853162650602,186,0.653846153846154,0.939577039274924,FALSE,"",4.34236669540405,32,1994,1,FALSE,"Cognitive/educational",FALSE,"< 500 respondents after wave/treat rule",FALSE,FALSE
"quopl2_forster_2021_quop",NA,733792,1994,8,"1",NA,NA,84625,1852,46,0,"0,1",0.993344445487839,1706,0.365906623235613,0.906775067750678,FALSE,"date",11.5038557052612,46,1994,8,TRUE,"Cognitive/educational",FALSE,NA,TRUE,FALSE
"rapm_poulton_2022_untimed",NA,14592,608,2,"1",NA,NA,7296,608,12,0,"0,1",1,608,0.379934210526316,0.902960526315789,FALSE,"",2.97687530517578,12,608,2,TRUE,"Cognitive/educational",FALSE,NA,TRUE,FALSE
"ravens_deboeck2012",NA,11622,503,NA,NA,NA,NA,11622,503,105,0,"0,1",0.220051121840386,0,0.0689655172413793,0.848214285714286,FALSE,"",5.6289381980896,35,503,0.660153365521159,FALSE,NA,FALSE,"item count outside 5-60 after rule",FALSE,FALSE
"rdatasets_gssabortion",NA,453698,64814,NA,NA,NA,NA,301343,45599,7,0,"0,1",0.944077721002654,33144,0.414034896994075,0.896055004508566,FALSE,"",5.55463242530823,7,64814,0.664192921282439,FALSE,"Opinion/attitude",TRUE,NA,FALSE,FALSE
"reuter_2021_emotions",NA,20046,514,NA,NA,NA,NA,20046,514,39,0,"0,1",1,514,0.0116731517509728,0.700389105058366,FALSE,"",2.32838940620422,39,514,1,FALSE,NA,TRUE,NA,FALSE,FALSE
"rmet_higgins_2022_tom",NA,18912,1182,NA,NA,NA,NA,18912,1182,16,0,"1,2",1,1182,0.0981387478849408,0.794416243654822,FALSE,"",1.44726252555847,16,1182,1,FALSE,"Cognitive/educational",TRUE,NA,FALSE,FALSE
"roelen_2020_dietary_diversity",NA,23477,1381,NA,NA,2,"0",12750,750,17,0,"0,1",1,750,0.0173333333333333,0.933333333333333,FALSE,"",6.40875768661499,17,1381,1,FALSE,NA,TRUE,NA,TRUE,FALSE
"SAS_Deters_2022",NA,134635,7096,NA,NA,NA,NA,134635,7096,19,0,"0,1",0.998598172432208,6950,0.170332769317541,0.684277440316429,FALSE,"",4.18143486976624,19,1526,4.65006553079948,FALSE,NA,FALSE,NA,FALSE,FALSE
"schoen_2019_to_2022_mkt",NA,74624,1045,4,"2019",NA,NA,16795,531,32,0,"0,1",0.988406308851224,522,0.134980988593156,0.856603773584906,FALSE,"",3.00795602798462,35,1045,2.0403007518797,TRUE,"Cognitive/educational",FALSE,NA,TRUE,FALSE
"shineha_2024_gef_accept_factors",NA,48378,4398,NA,NA,NA,NA,48378,4398,11,0,"0,1",1,4398,0.0438835834470214,0.442928603910869,FALSE,"",2.62198281288147,11,4398,1,FALSE,NA,TRUE,NA,FALSE,FALSE
"shineha_2024_gef_info_topics",NA,74766,4398,NA,NA,NA,NA,74766,4398,17,0,"0,1",1,4398,0.00636653024101864,0.658026375625284,FALSE,"",2.75664687156677,17,4398,1,FALSE,NA,TRUE,NA,FALSE,FALSE
"silvia_2021_bicb",NA,80206,2359,NA,NA,NA,NA,80206,2359,34,0,"0,1",1,2359,0.0347604917337855,0.68122085629504,FALSE,"",2.26749205589294,34,2359,1,FALSE,NA,FALSE,NA,FALSE,FALSE
"smirnov_2025_enrollment_motives",NA,13937,1267,NA,NA,NA,NA,13937,1267,11,0,"0,1",1,1267,0.0410418310970797,0.868981846882399,FALSE,"",2.90372443199158,11,1267,1,FALSE,NA,TRUE,NA,FALSE,FALSE
"spain_2012_entrepreneurship_image",NA,7026,1411,NA,NA,NA,NA,7026,1411,6,0,"1,3",0.829907866761162,653,0.0262960180315552,0.921768707482993,FALSE,"",2.20038628578186,6,1411,0.829907866761162,FALSE,"Opinion/attitude",TRUE,NA,FALSE,FALSE
"spain_2012_gender_causes",NA,26998,2572,NA,NA,NA,NA,26998,2572,11,0,"1,2",0.954262689099392,1919,0.0509005481597494,0.620168067226891,FALSE,"",2.19870638847351,11,2572,0.954262689099392,FALSE,"Opinion/attitude",TRUE,NA,FALSE,FALSE
"spain_2012_gender_vulnerability",NA,11487,2517,NA,NA,NA,NA,11487,2517,5,0,"1,2",0.912753277711561,1861,0.284782608695652,0.528359511343805,FALSE,"",4.39591026306152,5,2517,0.912753277711561,FALSE,"Opinion/attitude",TRUE,NA,FALSE,FALSE
"spain_2013_defense_sacrifice",NA,7727,1168,NA,NA,NA,NA,7727,1168,7,0,"1,2",0.945083170254403,933,0.0574712643678161,0.87600356824264,FALSE,"",3.01434302330017,7,1168,0.945083170254403,FALSE,"Opinion/attitude",TRUE,NA,FALSE,FALSE
"spain_2013_services_purpose",NA,27324,2484,NA,NA,NA,NA,20724,1884,11,0,"0,1",1,1884,0.00265392781316348,0.25,FALSE,"",5.73919582366943,11,2484,0.319718928414581,FALSE,NA,TRUE,NA,FALSE,FALSE
"spain_2014_citizenship_online",NA,7261,1214,NA,NA,NA,NA,7261,1214,6,0,"1,2",0.996842394288852,1202,0.70049504950495,0.938893476465731,FALSE,"",2.07649159431458,6,1214,0.996842394288852,FALSE,"Opinion/attitude",FALSE,NA,FALSE,FALSE
"spain_2014_debate_rajoy",NA,8253,1062,NA,NA,NA,NA,8253,1062,8,0,"1,2",0.971398305084746,920,0.445853658536585,0.743217054263566,FALSE,"",4.64771604537964,8,1062,0.971398305084746,FALSE,"Opinion/attitude",TRUE,NA,FALSE,FALSE
"spain_2014_debate_rubalcaba",NA,8127,1050,NA,NA,NA,NA,8127,1050,8,0,"1,2",0.9675,915,0.296116504854369,0.643286573146293,FALSE,"",3.0177309513092,8,1050,0.9675,FALSE,"Opinion/attitude",TRUE,NA,FALSE,FALSE
"spain_2014_family_change",NA,9998,2096,NA,NA,NA,NA,9998,2096,7,0,"1,2",0.681434023991276,559,0.209183673469388,0.938711694809256,FALSE,"",0.337478637695312,7,2096,0.681434023991276,FALSE,"Opinion/attitude",TRUE,NA,FALSE,TRUE
"spain_2014_family_reproduction",NA,10381,2386,NA,NA,NA,NA,10381,2386,5,0,"1,2",0.870159262363789,1517,0.0332039672272531,0.564102564102564,FALSE,"",0.33111834526062,5,2386,0.870159262363789,FALSE,"Opinion/attitude",TRUE,NA,FALSE,FALSE
"spain_2014_volunteering_activity",NA,1841,788,NA,NA,NA,NA,1841,788,16,0,"1,2",0.146018401015228,0,0.140127388535032,1,FALSE,"",0.301679372787476,16,788,0.146018401015228,FALSE,"Opinion/attitude",TRUE,NA,FALSE,TRUE
"spain_2014_volunteering_profile",NA,16742,1380,NA,NA,NA,NA,16742,1380,13,0,"1,2",0.933221850613155,946,0.142635658914729,0.678826328310864,FALSE,"",0.256206274032593,13,1380,0.933221850613155,FALSE,"Opinion/attitude",TRUE,NA,FALSE,FALSE
"spain_2015_immigration_rights",NA,11291,2444,NA,NA,NA,NA,11291,2444,5,0,"1,2",0.923977086743044,1941,0.0726044744617982,0.300316598824062,FALSE,"",3.6767098903656,5,2444,0.923977086743044,FALSE,"Opinion/attitude",TRUE,NA,FALSE,FALSE
"spain_2018_housing_amenities",NA,14799,2467,NA,NA,NA,NA,14799,2467,6,0,"1,2",0.999797324685853,2465,0.0283745439805432,0.563083164300203,FALSE,"",2.11640119552612,6,2467,0.999797324685853,FALSE,"Opinion/attitude",TRUE,NA,FALSE,FALSE
"spain_2018_housing_neighborhood",NA,24466,2468,NA,NA,NA,NA,24466,2468,10,0,"1,2",0.991329011345219,2312,0.0292921074043938,0.3175983436853,FALSE,"",7.88839292526245,10,2468,0.991329011345219,FALSE,"Opinion/attitude",TRUE,NA,FALSE,FALSE
"spain_2025_ai_awareness",NA,19467,4004,NA,NA,NA,NA,19467,4004,5,0,"1,2",0.972377622377622,3828,0.0309922519370157,0.584842214174858,FALSE,"",2.9434540271759,5,4004,0.972377622377622,FALSE,"Opinion/attitude",TRUE,NA,FALSE,FALSE
"spain_2025_ai_tools",NA,19317,3878,NA,NA,NA,NA,19317,3878,5,0,"1,2",0.996235172769469,3822,0.484621349185836,0.963010863942059,FALSE,"",2.30172777175903,5,3878,0.996235172769469,FALSE,"Opinion/attitude",TRUE,NA,FALSE,FALSE
"spain_2025_europe_awareness",NA,12114,2427,NA,NA,NA,NA,12114,2427,5,0,"1,2",0.998269468479604,2406,0.0201895344046147,0.14149377593361,FALSE,"",3.1407322883606,5,2427,0.998269468479604,FALSE,"Opinion/attitude",TRUE,NA,FALSE,FALSE
"spain_2025_europe_policy",NA,11882,2426,NA,NA,NA,NA,11882,2426,5,0,"1,2",0.979554822753504,2238,0.102177554438861,0.31862537123462,FALSE,"",3.99536895751953,5,2426,0.979554822753504,FALSE,"Opinion/attitude",TRUE,NA,FALSE,FALSE
"sumner_2022_asi",NA,26941,929,NA,NA,NA,NA,26941,929,29,0,"1,2",1,929,0.359526372443488,0.893433799784715,FALSE,"",3.172278881073,29,929,1,FALSE,NA,FALSE,NA,FALSE,FALSE
"tdri",NA,100968,1803,NA,NA,NA,NA,67641,1803,56,0,"0,1",0.669925124792013,726,0.0218281036834925,0.981968444778362,FALSE,"",3.66987943649292,56,1803,0.669925124792013,FALSE,"Cognitive/educational",FALSE,NA,FALSE,TRUE
"teicher_2015_mace_distress_helpless",NA,30505,924,NA,NA,NA,NA,30505,924,35,0,"0,1",0.94325912183055,711,0.00415512465373961,0.291304347826087,FALSE,"",4.96608996391296,35,924,0.94325912183055,FALSE,"Affective/mental health",TRUE,NA,FALSE,FALSE
"teicher_2015_mace_distress_terrified",NA,30503,924,NA,NA,NA,NA,30503,924,35,0,"0,1",0.943197278911565,711,0.00416088765603329,0.188453159041394,FALSE,"",3.04392051696777,35,924,0.943197278911565,FALSE,"Affective/mental health",TRUE,NA,FALSE,FALSE
"teicher_2015_mace_emot_neglect",NA,5249,1051,NA,NA,NA,NA,5249,1051,5,0,"0,1",0.998858230256898,1045,0.219790675547098,0.978116079923882,FALSE,"",4.13948702812195,5,1051,0.998858230256898,FALSE,"Affective/mental health",TRUE,NA,FALSE,FALSE
"teicher_2015_mace_nonverbal",NA,5250,1051,NA,NA,NA,NA,5250,1051,5,0,"0,1",0.999048525214082,1048,0.0333333333333333,0.438095238095238,FALSE,"",2.52694201469421,5,1051,0.999048525214082,FALSE,"Affective/mental health",TRUE,NA,FALSE,FALSE
"teicher_2015_mace_peer_physical",NA,5250,1050,NA,NA,NA,NA,5250,1050,5,0,"0,1",1,1050,0.0333333333333333,0.326666666666667,FALSE,"",2.86535334587097,5,1050,1,FALSE,"Affective/mental health",TRUE,NA,FALSE,FALSE
"teicher_2015_mace_peer_verbal",NA,5250,1050,NA,NA,NA,NA,5250,1050,5,0,"0,1",1,1050,0.219047619047619,0.65047619047619,FALSE,"",2.85783982276917,5,1050,1,FALSE,"Affective/mental health",TRUE,NA,FALSE,FALSE
"teicher_2015_mace_phys_neglect",NA,5254,1051,NA,NA,NA,NA,5254,1051,5,0,"0,1",0.999809705042816,1050,0.0371075166508088,0.977164605137964,FALSE,"",3.0067343711853,5,1051,0.999809705042816,FALSE,"Affective/mental health",TRUE,NA,FALSE,FALSE
"teicher_2015_mace_physical",NA,6306,1051,NA,NA,NA,NA,6306,1051,6,0,"0,1",1,1051,0.0313986679352997,0.636536631779258,FALSE,"",2.81525659561157,6,1051,1,FALSE,"Affective/mental health",TRUE,NA,FALSE,FALSE
"teicher_2015_mace_sexual",NA,12442,1051,NA,NA,NA,NA,12442,1051,12,0,"0,1",0.986520773866159,967,0.0114176974310181,0.168571428571429,FALSE,"",3.16069674491882,12,1051,0.986520773866159,FALSE,"Affective/mental health",TRUE,NA,FALSE,FALSE
"teicher_2015_mace_witness_parent",NA,8408,1051,NA,NA,NA,NA,8408,1051,8,0,"0,1",1,1051,0.0123691722169363,0.525214081826832,FALSE,"",7.1540048122406,8,1051,1,FALSE,"Affective/mental health",TRUE,NA,FALSE,FALSE
"teicher_2015_mace_witness_sib",NA,6711,839,NA,NA,NA,NA,6711,839,8,0,"0,1",0.999851013110846,838,0.00715990453460621,0.259833134684148,FALSE,"",3.46496963500977,8,839,0.999851013110846,FALSE,"Affective/mental health",TRUE,NA,FALSE,FALSE
"tma",NA,270500,5410,NA,NA,NA,NA,267888,5401,50,0,"0,1",0.991994075171265,4474,0.286247434222803,0.901847359582012,FALSE,"",4.83100557327271,50,5410,1,FALSE,"Affective/mental health",FALSE,NA,FALSE,FALSE
"tomioka_2022_srh_future_needs",NA,6055,865,NA,NA,NA,NA,6055,865,7,0,"0,1",1,865,0.0104046242774566,0.747976878612717,FALSE,"",2.53518581390381,7,865,1,FALSE,NA,TRUE,NA,FALSE,FALSE
"tomioka_2022_srh_support_types",NA,10380,865,NA,NA,NA,NA,10380,865,12,0,"0,1",1,865,0.0138728323699422,0.425433526011561,FALSE,"",3.37902688980103,12,865,1,FALSE,NA,TRUE,NA,FALSE,FALSE
"torok_2025_data_disclosure",NA,7830,1001,NA,NA,NA,NA,7830,1001,8,0,"1,2",0.977772227772228,888,0.218436873747495,0.985786802030457,FALSE,"",4.82387614250183,8,1001,0.977772227772228,FALSE,NA,TRUE,NA,FALSE,FALSE
"torok_2025_legality_beliefs",NA,6849,957,NA,NA,NA,NA,6849,957,8,0,"1,2",0.894592476489028,504,0.461254612546125,0.967391304347826,FALSE,"",2.67892456054688,8,957,0.894592476489028,FALSE,NA,TRUE,NA,FALSE,FALSE
"trevisan_2018_aq",NA,41795,836,NA,NA,NA,NA,41795,836,50,0,"0,1",0.99988038277512,832,0.0801435406698565,0.812200956937799,FALSE,"",2.80621409416199,50,836,0.99988038277512,FALSE,NA,FALSE,NA,FALSE,FALSE
"tuason_2021_covid_coping_enjoy",NA,21574,938,NA,NA,NA,NA,21574,938,23,0,"0,1",1,938,0.0692963752665245,0.470149253731343,FALSE,"",5.33107709884644,23,938,1,FALSE,"Behavioral",TRUE,NA,FALSE,FALSE
"uffler_2017_seat_reasons",NA,4151,593,NA,NA,NA,NA,4151,593,7,0,"0,1",1,593,0.0421585160202361,0.298482293423271,FALSE,"",3.19287323951721,7,593,1,FALSE,NA,TRUE,NA,FALSE,FALSE
"vocab_assessment_3_to_8_year_old_children",NA,30212,581,NA,NA,NA,NA,30212,581,52,0,"0,1",1,581,0.419965576592083,1,FALSE,"",3.68509411811829,52,581,1,FALSE,"Cognitive/educational",FALSE,NA,FALSE,FALSE
"wang_onlineriskexp_2025_interpersonalsecurity",NA,17748,986,NA,NA,NA,NA,17748,986,18,0,"0,1",1,986,0.399594320486815,0.873225152129817,FALSE,"",4.015052318573,18,986,1,FALSE,"Affective/mental health",FALSE,NA,FALSE,FALSE
"warwas_2022_sharing_economy",NA,8000,1000,NA,NA,NA,NA,8000,1000,8,0,"0,1",1,1000,0.024,0.661,FALSE,"",4.38083553314209,8,1000,1,FALSE,NA,TRUE,NA,FALSE,FALSE
"wilmer-mrmet-normative-data-set-2022",NA,343915,9295,NA,NA,NA,NA,343915,9295,37,0,"0,1",1,9295,0.298977945131791,0.920494889725659,FALSE,"date",1.66255521774292,37,9295,1,TRUE,"Cognitive/educational",FALSE,NA,FALSE,FALSE
"wilmer-rmet-normative-data-set-2022",NA,636480,17680,NA,NA,NA,NA,636480,17680,36,0,"0,1",1,17680,0.558201357466063,0.859898190045249,FALSE,"date",1.90051746368408,36,17680,1,TRUE,"Cognitive/educational",FALSE,NA,FALSE,FALSE
"wirs",NA,6030,1005,NA,NA,NA,NA,6030,1005,6,0,"0,1",1,1005,0.14726368159204,0.583084577114428,FALSE,"",3.14371609687805,6,1005,1,FALSE,"Behavioral, Opinion/attitude",TRUE,NA,FALSE,FALSE
"wooly_hartman2022",NA,27802,1561,NA,NA,NA,NA,27802,1561,19,0,"0,1",0.937388313833912,714,0.176809737347854,0.913000977517107,FALSE,"group",1.62432885169983,19,1561,1,FALSE,"Cognitive/educational",TRUE,NA,FALSE,FALSE
"yang_2026_igd_criteria",NA,18576,1032,2,"1",NA,NA,9288,1032,9,0,"0,1",1,1032,0.064922480620155,0.487403100775194,FALSE,"",3.09581995010376,9,1032,2,TRUE,NA,FALSE,NA,TRUE,FALSE
"yao_2020_epq",NA,12312,1026,NA,NA,NA,NA,12312,1026,12,0,"1,2",1,1026,0.299220272904483,0.631578947368421,FALSE,"",2.07597708702087,12,1026,1,FALSE,NA,FALSE,NA,FALSE,FALSE
"zhou_2016_personality",NA,54183,1129,NA,NA,NA,NA,54183,1129,48,0,"0,1",0.999833923826395,1122,0.386182462356067,0.600531443755536,FALSE,"",2.47446656227112,48,1129,0.999833923826395,FALSE,NA,TRUE,NA,FALSE,FALSE
